Header/RequesterCredentials/Credentials/Username/__text,Header/RequesterCredentials/Credentials/Password/__text,Header/RequesterCredentials/Credentials/Signature/__text,Body/DoDirectPaymentReq/DoDirectPaymentRequest/DoDirectPaymentRequestDetails/PaymentAction/__text,Body/DoDirectPaymentReq/DoDirectPaymentRequest/DoDirectPaymentRequestDetails/PaymentDetails/OrderTotal/_currencyID,Body/DoDirectPaymentReq/DoDirectPaymentRequest/DoDirectPaymentRequestDetails/PaymentDetails/OrderTotal/__text,Body/DoDirectPaymentReq/DoDirectPaymentRequest/DoDirectPaymentRequestDetails/PaymentDetails/ButtonSource/__text,Body/DoDirectPaymentReq/DoDirectPaymentRequest/DoDirectPaymentRequestDetails/PaymentDetails/ShipToAddress/Name/__text,Body/DoDirectPaymentReq/DoDirectPaymentRequest/DoDirectPaymentRequestDetails/PaymentDetails/ShipToAddress/Street1/__text,Body/DoDirectPaymentReq/DoDirectPaymentRequest/DoDirectPaymentRequestDetails/PaymentDetails/ShipToAddress/CityName/__text,Body/DoDirectPaymentReq/DoDirectPaymentRequest/DoDirectPaymentRequestDetails/PaymentDetails/ShipToAddress/StateOrProvince/__text,Body/DoDirectPaymentReq/DoDirectPaymentRequest/DoDirectPaymentRequestDetails/PaymentDetails/ShipToAddress/Country/__text,Body/DoDirectPaymentReq/DoDirectPaymentRequest/DoDirectPaymentRequestDetails/PaymentDetails/ShipToAddress/PostalCode/__text,Body/DoDirectPaymentReq/DoDirectPaymentRequest/DoDirectPaymentRequestDetails/CreditCard/CreditCardType/__text,Body/DoDirectPaymentReq/DoDirectPaymentRequest/DoDirectPaymentRequestDetails/CreditCard/CreditCardLastFourDigits/__text,Body/DoDirectPaymentReq/DoDirectPaymentRequest/DoDirectPaymentRequestDetails/CreditCard/ExpMonth/__text,Body/DoDirectPaymentReq/DoDirectPaymentRequest/DoDirectPaymentRequestDetails/CreditCard/ExpYear/__text,Body/DoDirectPaymentReq/DoDirectPaymentRequest/DoDirectPaymentRequestDetails/CreditCard/CardOwner/PayerName/FirstName/__text,Body/DoDirectPaymentReq/DoDirectPaymentRequest/DoDirectPaymentRequestDetails/CreditCard/CardOwner/PayerName/LastName/__text,Body/DoDirectPaymentReq/DoDirectPaymentRequest/DoDirectPaymentRequestDetails/CreditCard/CardOwner/PayerCountry/__text,Body/DoDirectPaymentReq/DoDirectPaymentRequest/DoDirectPaymentRequestDetails/CreditCard/CardOwner/Address/Name/__text,Body/DoDirectPaymentReq/DoDirectPaymentRequest/DoDirectPaymentRequestDetails/CreditCard/CardOwner/Address/Street1/__text,Body/DoDirectPaymentReq/DoDirectPaymentRequest/DoDirectPaymentRequestDetails/CreditCard/CardOwner/Address/CityName/__text,Body/DoDirectPaymentReq/DoDirectPaymentRequest/DoDirectPaymentRequestDetails/CreditCard/CardOwner/Address/StateOrProvince/__text,Body/DoDirectPaymentReq/DoDirectPaymentRequest/DoDirectPaymentRequestDetails/CreditCard/CardOwner/Address/Country/__text,Body/DoDirectPaymentReq/DoDirectPaymentRequest/DoDirectPaymentRequestDetails/CreditCard/CardOwner/Address/PostalCode/__text,Body/DoDirectPaymentReq/DoDirectPaymentRequest/DoDirectPaymentRequestDetails/CreditCard/CVV2/__text,Body/DoDirectPaymentReq/DoDirectPaymentRequest/Version/__text,_xmlns:soapenv,_xmlns:ns,_xmlns:ebl,_xmlns:cc,_xmlns:ed
sobhagya-facilitator_api1.outlook.com,PDR9FTWWU6FDBNKY,ANGx9fhOMuIxwcbkuUqPMh-9L15RAO6JJD8BDCZSxcx8nbBWeDOIbzW1,Sale,USD,932.56,PayPal_SDK,Zion Reichel,13912 Dibbert Common,West Marcellus,MD,US,95843,Visa,5076,10,2019,Zion,Reichel,US,Zion Reichel,13912 Dibbert Common,West Marcellus,MD,US,95843,720,117.0,http://schemas.xmlsoap.org/soap/envelope/,urn:ebay:api:PayPalAPI,urn:ebay:apis:eBLBaseComponents,urn:ebay:apis:CoreComponentTypes,urn:ebay:apis:EnhancedDataTypes
sobhagya-facilitator_api1.outlook.com,PDR9FTWWU6FDBNKY,ANGx9fhOMuIxwcbkuUqPMh-9L15RAO6JJD8BDCZSxcx8nbBWeDOIbzW1,Sale,USD,447.89,PayPal_SDK,Beatrice Bins,9029 Christiansen Glen,Aimeeton,ND,US,92922,Visa,7802,6,2023,Beatrice,Bins,US,Beatrice Bins,9029 Christiansen Glen,Aimeeton,ND,US,92922,548,117.0,http://schemas.xmlsoap.org/soap/envelope/,urn:ebay:api:PayPalAPI,urn:ebay:apis:eBLBaseComponents,urn:ebay:apis:CoreComponentTypes,urn:ebay:apis:EnhancedDataTypes
sobhagya-facilitator_api1.outlook.com,PDR9FTWWU6FDBNKY,ANGx9fhOMuIxwcbkuUqPMh-9L15RAO6JJD8BDCZSxcx8nbBWeDOIbzW1,Sale,USD,663.44,PayPal_SDK,Violette Anderson,6017 Kirlin Village,New Trycia,MA,US,32797,Visa,3187,4,2018,Violette,Anderson,US,Violette Anderson,6017 Kirlin Village,New Trycia,MA,US,32797,621,117.0,http://schemas.xmlsoap.org/soap/envelope/,urn:ebay:api:PayPalAPI,urn:ebay:apis:eBLBaseComponents,urn:ebay:apis:CoreComponentTypes,urn:ebay:apis:EnhancedDataTypes
sobhagya-facilitator_api1.outlook.com,PDR9FTWWU6FDBNKY,ANGx9fhOMuIxwcbkuUqPMh-9L15RAO6JJD8BDCZSxcx8nbBWeDOIbzW1,Sale,USD,969.6,PayPal_SDK,Kyle Marks,5308 Feeney Squares,Raestad,MD,US,48774,Visa,2082,7,2018,Kyle,Marks,US,Kyle Marks,5308 Feeney Squares,Raestad,MD,US,48774,605,117.0,http://schemas.xmlsoap.org/soap/envelope/,urn:ebay:api:PayPalAPI,urn:ebay:apis:eBLBaseComponents,urn:ebay:apis:CoreComponentTypes,urn:ebay:apis:EnhancedDataTypes
sobhagya-facilitator_api1.outlook.com,PDR9FTWWU6FDBNKY,ANGx9fhOMuIxwcbkuUqPMh-9L15RAO6JJD8BDCZSxcx8nbBWeDOIbzW1,Sale,USD,550.95,PayPal_SDK,Genoveva Lang,79642 Runolfsdottir Crescent,East Lola,AR,US,20710,Visa,5605,1,2018,Genoveva,Lang,US,Genoveva Lang,79642 Runolfsdottir Crescent,East Lola,AR,US,20710,427,117.0,http://schemas.xmlsoap.org/soap/envelope/,urn:ebay:api:PayPalAPI,urn:ebay:apis:eBLBaseComponents,urn:ebay:apis:CoreComponentTypes,urn:ebay:apis:EnhancedDataTypes
sobhagya-facilitator_api1.outlook.com,PDR9FTWWU6FDBNKY,ANGx9fhOMuIxwcbkuUqPMh-9L15RAO6JJD8BDCZSxcx8nbBWeDOIbzW1,Sale,USD,961.32,PayPal_SDK,Jadyn White,304 Harris Drives,Brendahaven,SD,US,53293,Visa,4201,4,2022,Jadyn,White,US,Jadyn White,304 Harris Drives,Brendahaven,SD,US,53293,628,117.0,http://schemas.xmlsoap.org/soap/envelope/,urn:ebay:api:PayPalAPI,urn:ebay:apis:eBLBaseComponents,urn:ebay:apis:CoreComponentTypes,urn:ebay:apis:EnhancedDataTypes
sobhagya-facilitator_api1.outlook.com,PDR9FTWWU6FDBNKY,ANGx9fhOMuIxwcbkuUqPMh-9L15RAO6JJD8BDCZSxcx8nbBWeDOIbzW1,Sale,USD,750.02,PayPal_SDK,Kyler Predovic,80776 Abigale Turnpike,East Marcos,MS,US,43324,Visa,8888,1,2022,Kyler,Predovic,US,Kyler Predovic,80776 Abigale Turnpike,East Marcos,MS,US,43324,131,117.0,http://schemas.xmlsoap.org/soap/envelope/,urn:ebay:api:PayPalAPI,urn:ebay:apis:eBLBaseComponents,urn:ebay:apis:CoreComponentTypes,urn:ebay:apis:EnhancedDataTypes
sobhagya-facilitator_api1.outlook.com,PDR9FTWWU6FDBNKY,ANGx9fhOMuIxwcbkuUqPMh-9L15RAO6JJD8BDCZSxcx8nbBWeDOIbzW1,Sale,USD,187.38,PayPal_SDK,Maggie Mante,54934 Laron Flat,Hahnland,VA,US,59422,Visa,1531,8,2022,Maggie,Mante,US,Maggie Mante,54934 Laron Flat,Hahnland,VA,US,59422,209,117.0,http://schemas.xmlsoap.org/soap/envelope/,urn:ebay:api:PayPalAPI,urn:ebay:apis:eBLBaseComponents,urn:ebay:apis:CoreComponentTypes,urn:ebay:apis:EnhancedDataTypes
sobhagya-facilitator_api1.outlook.com,PDR9FTWWU6FDBNKY,ANGx9fhOMuIxwcbkuUqPMh-9L15RAO6JJD8BDCZSxcx8nbBWeDOIbzW1,Sale,USD,610.24,PayPal_SDK,Mazie Rosenbaum,7705 Mose Springs,East Emanuel,IL,US,26637,Visa,2893,1,2023,Mazie,Rosenbaum,US,Mazie Rosenbaum,7705 Mose Springs,East Emanuel,IL,US,26637,819,117.0,http://schemas.xmlsoap.org/soap/envelope/,urn:ebay:api:PayPalAPI,urn:ebay:apis:eBLBaseComponents,urn:ebay:apis:CoreComponentTypes,urn:ebay:apis:EnhancedDataTypes
sobhagya-facilitator_api1.outlook.com,PDR9FTWWU6FDBNKY,ANGx9fhOMuIxwcbkuUqPMh-9L15RAO6JJD8BDCZSxcx8nbBWeDOIbzW1,Sale,USD,211.96,PayPal_SDK,Johan Kohler,732 Doyle Meadows,Ashtonhaven,FL,US,35775,Visa,5132,12,2020,Johan,Kohler,US,Johan Kohler,732 Doyle Meadows,Ashtonhaven,FL,US,35775,914,117.0,http://schemas.xmlsoap.org/soap/envelope/,urn:ebay:api:PayPalAPI,urn:ebay:apis:eBLBaseComponents,urn:ebay:apis:CoreComponentTypes,urn:ebay:apis:EnhancedDataTypes
sobhagya-facilitator_api1.outlook.com,PDR9FTWWU6FDBNKY,ANGx9fhOMuIxwcbkuUqPMh-9L15RAO6JJD8BDCZSxcx8nbBWeDOIbzW1,Sale,USD,670.93,PayPal_SDK,Kyla Kreiger,0894 Zane Spur,New Omertown,CT,US,76606,Visa,3143,12,2023,Kyla,Kreiger,US,Kyla Kreiger,0894 Zane Spur,New Omertown,CT,US,76606,589,117.0,http://schemas.xmlsoap.org/soap/envelope/,urn:ebay:api:PayPalAPI,urn:ebay:apis:eBLBaseComponents,urn:ebay:apis:CoreComponentTypes,urn:ebay:apis:EnhancedDataTypes
sobhagya-facilitator_api1.outlook.com,PDR9FTWWU6FDBNKY,ANGx9fhOMuIxwcbkuUqPMh-9L15RAO6JJD8BDCZSxcx8nbBWeDOIbzW1,Sale,USD,716.88,PayPal_SDK,Alexandre Gutmann,8601 Hane Mount,Stokeshaven,NV,US,56248,Visa,2693,3,2021,Alexandre,Gutmann,US,Alexandre Gutmann,8601 Hane Mount,Stokeshaven,NV,US,56248,669,117.0,http://schemas.xmlsoap.org/soap/envelope/,urn:ebay:api:PayPalAPI,urn:ebay:apis:eBLBaseComponents,urn:ebay:apis:CoreComponentTypes,urn:ebay:apis:EnhancedDataTypes
sobhagya-facilitator_api1.outlook.com,PDR9FTWWU6FDBNKY,ANGx9fhOMuIxwcbkuUqPMh-9L15RAO6JJD8BDCZSxcx8nbBWeDOIbzW1,Sale,USD,996.76,PayPal_SDK,Keyshawn Walter,84519 Norma Grove,Litzytown,OK,US,01004,Visa,1314,11,2021,Keyshawn,Walter,US,Keyshawn Walter,84519 Norma Grove,Litzytown,OK,US,01004,893,117.0,http://schemas.xmlsoap.org/soap/envelope/,urn:ebay:api:PayPalAPI,urn:ebay:apis:eBLBaseComponents,urn:ebay:apis:CoreComponentTypes,urn:ebay:apis:EnhancedDataTypes
sobhagya-facilitator_api1.outlook.com,PDR9FTWWU6FDBNKY,ANGx9fhOMuIxwcbkuUqPMh-9L15RAO6JJD8BDCZSxcx8nbBWeDOIbzW1,Sale,USD,450.76,PayPal_SDK,Tony Schowalter,96667 Tavares Locks,New Rafaeltown,CO,US,43858,Visa,2956,8,2023,Tony,Schowalter,US,Tony Schowalter,96667 Tavares Locks,New Rafaeltown,CO,US,43858,664,117.0,http://schemas.xmlsoap.org/soap/envelope/,urn:ebay:api:PayPalAPI,urn:ebay:apis:eBLBaseComponents,urn:ebay:apis:CoreComponentTypes,urn:ebay:apis:EnhancedDataTypes
sobhagya-facilitator_api1.outlook.com,PDR9FTWWU6FDBNKY,ANGx9fhOMuIxwcbkuUqPMh-9L15RAO6JJD8BDCZSxcx8nbBWeDOIbzW1,Sale,USD,517.69,PayPal_SDK,Madelynn Rath,0348 Morissette Meadow,Bradtkechester,AK,US,40139,Visa,1788,11,2021,Madelynn,Rath,US,Madelynn Rath,0348 Morissette Meadow,Bradtkechester,AK,US,40139,798,117.0,http://schemas.xmlsoap.org/soap/envelope/,urn:ebay:api:PayPalAPI,urn:ebay:apis:eBLBaseComponents,urn:ebay:apis:CoreComponentTypes,urn:ebay:apis:EnhancedDataTypes
sobhagya-facilitator_api1.outlook.com,PDR9FTWWU6FDBNKY,ANGx9fhOMuIxwcbkuUqPMh-9L15RAO6JJD8BDCZSxcx8nbBWeDOIbzW1,Sale,USD,606.44,PayPal_SDK,Keon Gerlach,9187 Sawayn Pines,Schaeferville,WY,US,56097,Visa,1138,9,2022,Keon,Gerlach,US,Keon Gerlach,9187 Sawayn Pines,Schaeferville,WY,US,56097,172,117.0,http://schemas.xmlsoap.org/soap/envelope/,urn:ebay:api:PayPalAPI,urn:ebay:apis:eBLBaseComponents,urn:ebay:apis:CoreComponentTypes,urn:ebay:apis:EnhancedDataTypes
sobhagya-facilitator_api1.outlook.com,PDR9FTWWU6FDBNKY,ANGx9fhOMuIxwcbkuUqPMh-9L15RAO6JJD8BDCZSxcx8nbBWeDOIbzW1,Sale,USD,723.24,PayPal_SDK,Florida Tremblay,51023 Sharon Greens,South Claudineburgh,HI,US,11266,Visa,7339,7,2021,Florida,Tremblay,US,Florida Tremblay,51023 Sharon Greens,South Claudineburgh,HI,US,11266,955,117.0,http://schemas.xmlsoap.org/soap/envelope/,urn:ebay:api:PayPalAPI,urn:ebay:apis:eBLBaseComponents,urn:ebay:apis:CoreComponentTypes,urn:ebay:apis:EnhancedDataTypes
sobhagya-facilitator_api1.outlook.com,PDR9FTWWU6FDBNKY,ANGx9fhOMuIxwcbkuUqPMh-9L15RAO6JJD8BDCZSxcx8nbBWeDOIbzW1,Sale,USD,856.93,PayPal_SDK,Ulises White,7810 Keara Plains,North Enaview,WV,US,80080,Visa,9598,5,2023,Ulises,White,US,Ulises White,7810 Keara Plains,North Enaview,WV,US,80080,876,117.0,http://schemas.xmlsoap.org/soap/envelope/,urn:ebay:api:PayPalAPI,urn:ebay:apis:eBLBaseComponents,urn:ebay:apis:CoreComponentTypes,urn:ebay:apis:EnhancedDataTypes
sobhagya-facilitator_api1.outlook.com,PDR9FTWWU6FDBNKY,ANGx9fhOMuIxwcbkuUqPMh-9L15RAO6JJD8BDCZSxcx8nbBWeDOIbzW1,Sale,USD,406.92,PayPal_SDK,Dayton Stanton,9031 Nicolas Way,Garretburgh,TX,US,26423,Visa,7770,4,2018,Dayton,Stanton,US,Dayton Stanton,9031 Nicolas Way,Garretburgh,TX,US,26423,815,117.0,http://schemas.xmlsoap.org/soap/envelope/,urn:ebay:api:PayPalAPI,urn:ebay:apis:eBLBaseComponents,urn:ebay:apis:CoreComponentTypes,urn:ebay:apis:EnhancedDataTypes
sobhagya-facilitator_api1.outlook.com,PDR9FTWWU6FDBNKY,ANGx9fhOMuIxwcbkuUqPMh-9L15RAO6JJD8BDCZSxcx8nbBWeDOIbzW1,Sale,USD,227.29,PayPal_SDK,Mathias Kshlerin,4531 Anastasia Inlet,New Carlochester,MD,US,65611,Visa,8666,4,2022,Mathias,Kshlerin,US,Mathias Kshlerin,4531 Anastasia Inlet,New Carlochester,MD,US,65611,606,117.0,http://schemas.xmlsoap.org/soap/envelope/,urn:ebay:api:PayPalAPI,urn:ebay:apis:eBLBaseComponents,urn:ebay:apis:CoreComponentTypes,urn:ebay:apis:EnhancedDataTypes
sobhagya-facilitator_api1.outlook.com,PDR9FTWWU6FDBNKY,ANGx9fhOMuIxwcbkuUqPMh-9L15RAO6JJD8BDCZSxcx8nbBWeDOIbzW1,Sale,USD,411.55,PayPal_SDK,Jensen Mayert,304 Becker Well,East Urielview,PA,US,11650,Visa,1629,10,2021,Jensen,Mayert,US,Jensen Mayert,304 Becker Well,East Urielview,PA,US,11650,917,117.0,http://schemas.xmlsoap.org/soap/envelope/,urn:ebay:api:PayPalAPI,urn:ebay:apis:eBLBaseComponents,urn:ebay:apis:CoreComponentTypes,urn:ebay:apis:EnhancedDataTypes
sobhagya-facilitator_api1.outlook.com,PDR9FTWWU6FDBNKY,ANGx9fhOMuIxwcbkuUqPMh-9L15RAO6JJD8BDCZSxcx8nbBWeDOIbzW1,Sale,USD,815.09,PayPal_SDK,Macey Bartell,0126 Barney Highway,Nolanview,TN,US,73724,Visa,4498,12,2021,Macey,Bartell,US,Macey Bartell,0126 Barney Highway,Nolanview,TN,US,73724,533,117.0,http://schemas.xmlsoap.org/soap/envelope/,urn:ebay:api:PayPalAPI,urn:ebay:apis:eBLBaseComponents,urn:ebay:apis:CoreComponentTypes,urn:ebay:apis:EnhancedDataTypes
sobhagya-facilitator_api1.outlook.com,PDR9FTWWU6FDBNKY,ANGx9fhOMuIxwcbkuUqPMh-9L15RAO6JJD8BDCZSxcx8nbBWeDOIbzW1,Sale,USD,584.53,PayPal_SDK,Ellis Bernier,40314 Griffin Ports,Hammesport,NV,US,29289,Visa,5936,7,2019,Ellis,Bernier,US,Ellis Bernier,40314 Griffin Ports,Hammesport,NV,US,29289,732,117.0,http://schemas.xmlsoap.org/soap/envelope/,urn:ebay:api:PayPalAPI,urn:ebay:apis:eBLBaseComponents,urn:ebay:apis:CoreComponentTypes,urn:ebay:apis:EnhancedDataTypes
sobhagya-facilitator_api1.outlook.com,PDR9FTWWU6FDBNKY,ANGx9fhOMuIxwcbkuUqPMh-9L15RAO6JJD8BDCZSxcx8nbBWeDOIbzW1,Sale,USD,311.7,PayPal_SDK,Weldon Rolfson,6939 Hane Springs,Port Armani,PA,US,47145,Visa,4719,2,2023,Weldon,Rolfson,US,Weldon Rolfson,6939 Hane Springs,Port Armani,PA,US,47145,298,117.0,http://schemas.xmlsoap.org/soap/envelope/,urn:ebay:api:PayPalAPI,urn:ebay:apis:eBLBaseComponents,urn:ebay:apis:CoreComponentTypes,urn:ebay:apis:EnhancedDataTypes
sobhagya-facilitator_api1.outlook.com,PDR9FTWWU6FDBNKY,ANGx9fhOMuIxwcbkuUqPMh-9L15RAO6JJD8BDCZSxcx8nbBWeDOIbzW1,Sale,USD,841.43,PayPal_SDK,Ollie Leffler,03432 Verona Knoll,Wolffstad,WV,US,97308,Visa,3618,9,2023,Ollie,Leffler,US,Ollie Leffler,03432 Verona Knoll,Wolffstad,WV,US,97308,474,117.0,http://schemas.xmlsoap.org/soap/envelope/,urn:ebay:api:PayPalAPI,urn:ebay:apis:eBLBaseComponents,urn:ebay:apis:CoreComponentTypes,urn:ebay:apis:EnhancedDataTypes
sobhagya-facilitator_api1.outlook.com,PDR9FTWWU6FDBNKY,ANGx9fhOMuIxwcbkuUqPMh-9L15RAO6JJD8BDCZSxcx8nbBWeDOIbzW1,Sale,USD,316.16,PayPal_SDK,Hassan Mante,62657 Brenden Fords,East Janiya,TX,US,86892,Visa,1579,4,2021,Hassan,Mante,US,Hassan Mante,62657 Brenden Fords,East Janiya,TX,US,86892,418,117.0,http://schemas.xmlsoap.org/soap/envelope/,urn:ebay:api:PayPalAPI,urn:ebay:apis:eBLBaseComponents,urn:ebay:apis:CoreComponentTypes,urn:ebay:apis:EnhancedDataTypes
sobhagya-facilitator_api1.outlook.com,PDR9FTWWU6FDBNKY,ANGx9fhOMuIxwcbkuUqPMh-9L15RAO6JJD8BDCZSxcx8nbBWeDOIbzW1,Sale,USD,507.12,PayPal_SDK,Titus Douglas,475 Kub Viaduct,Port Gabrielle,VT,US,20596,Visa,6441,9,2022,Titus,Douglas,US,Titus Douglas,475 Kub Viaduct,Port Gabrielle,VT,US,20596,230,117.0,http://schemas.xmlsoap.org/soap/envelope/,urn:ebay:api:PayPalAPI,urn:ebay:apis:eBLBaseComponents,urn:ebay:apis:CoreComponentTypes,urn:ebay:apis:EnhancedDataTypes
sobhagya-facilitator_api1.outlook.com,PDR9FTWWU6FDBNKY,ANGx9fhOMuIxwcbkuUqPMh-9L15RAO6JJD8BDCZSxcx8nbBWeDOIbzW1,Sale,USD,204.43,PayPal_SDK,Leon Kuhn,12245 Balistreri Extensions,Lake Santa,OR,US,83581,Visa,8639,7,2022,Leon,Kuhn,US,Leon Kuhn,12245 Balistreri Extensions,Lake Santa,OR,US,83581,491,117.0,http://schemas.xmlsoap.org/soap/envelope/,urn:ebay:api:PayPalAPI,urn:ebay:apis:eBLBaseComponents,urn:ebay:apis:CoreComponentTypes,urn:ebay:apis:EnhancedDataTypes
sobhagya-facilitator_api1.outlook.com,PDR9FTWWU6FDBNKY,ANGx9fhOMuIxwcbkuUqPMh-9L15RAO6JJD8BDCZSxcx8nbBWeDOIbzW1,Sale,USD,74.57,PayPal_SDK,Celine Bruen,3819 Jerde Point,Port Rodger,WA,US,91131,Visa,8065,6,2018,Celine,Bruen,US,Celine Bruen,3819 Jerde Point,Port Rodger,WA,US,91131,521,117.0,http://schemas.xmlsoap.org/soap/envelope/,urn:ebay:api:PayPalAPI,urn:ebay:apis:eBLBaseComponents,urn:ebay:apis:CoreComponentTypes,urn:ebay:apis:EnhancedDataTypes
sobhagya-facilitator_api1.outlook.com,PDR9FTWWU6FDBNKY,ANGx9fhOMuIxwcbkuUqPMh-9L15RAO6JJD8BDCZSxcx8nbBWeDOIbzW1,Sale,USD,884.97,PayPal_SDK,Dereck Altenwerth,3321 Dicki Roads,North Charlottefort,ND,US,76522,Visa,5410,5,2021,Dereck,Altenwerth,US,Dereck Altenwerth,3321 Dicki Roads,North Charlottefort,ND,US,76522,415,117.0,http://schemas.xmlsoap.org/soap/envelope/,urn:ebay:api:PayPalAPI,urn:ebay:apis:eBLBaseComponents,urn:ebay:apis:CoreComponentTypes,urn:ebay:apis:EnhancedDataTypes
sobhagya-facilitator_api1.outlook.com,PDR9FTWWU6FDBNKY,ANGx9fhOMuIxwcbkuUqPMh-9L15RAO6JJD8BDCZSxcx8nbBWeDOIbzW1,Sale,USD,264.15,PayPal_SDK,Shyanne Schaefer,05132 Veronica Pines,West Christianbury,WV,US,79613,Visa,7142,6,2022,Shyanne,Schaefer,US,Shyanne Schaefer,05132 Veronica Pines,West Christianbury,WV,US,79613,670,117.0,http://schemas.xmlsoap.org/soap/envelope/,urn:ebay:api:PayPalAPI,urn:ebay:apis:eBLBaseComponents,urn:ebay:apis:CoreComponentTypes,urn:ebay:apis:EnhancedDataTypes
sobhagya-facilitator_api1.outlook.com,PDR9FTWWU6FDBNKY,ANGx9fhOMuIxwcbkuUqPMh-9L15RAO6JJD8BDCZSxcx8nbBWeDOIbzW1,Sale,USD,47.91,PayPal_SDK,Carli MacGyver,5669 Marshall Road,Marquardtview,NY,US,72017,Visa,9209,8,2022,Carli,MacGyver,US,Carli MacGyver,5669 Marshall Road,Marquardtview,NY,US,72017,135,117.0,http://schemas.xmlsoap.org/soap/envelope/,urn:ebay:api:PayPalAPI,urn:ebay:apis:eBLBaseComponents,urn:ebay:apis:CoreComponentTypes,urn:ebay:apis:EnhancedDataTypes
sobhagya-facilitator_api1.outlook.com,PDR9FTWWU6FDBNKY,ANGx9fhOMuIxwcbkuUqPMh-9L15RAO6JJD8BDCZSxcx8nbBWeDOIbzW1,Sale,USD,4.1,PayPal_SDK,Petra Balistreri,0260 Rusty Ridge,Johnstonborough,FL,US,78303,Visa,5350,3,2019,Petra,Balistreri,US,Petra Balistreri,0260 Rusty Ridge,Johnstonborough,FL,US,78303,200,117.0,http://schemas.xmlsoap.org/soap/envelope/,urn:ebay:api:PayPalAPI,urn:ebay:apis:eBLBaseComponents,urn:ebay:apis:CoreComponentTypes,urn:ebay:apis:EnhancedDataTypes
sobhagya-facilitator_api1.outlook.com,PDR9FTWWU6FDBNKY,ANGx9fhOMuIxwcbkuUqPMh-9L15RAO6JJD8BDCZSxcx8nbBWeDOIbzW1,Sale,USD,451.94,PayPal_SDK,Krystel Kuvalis,9147 Preston Lights,Armstronghaven,SD,US,39431,Visa,1515,4,2019,Krystel,Kuvalis,US,Krystel Kuvalis,9147 Preston Lights,Armstronghaven,SD,US,39431,918,117.0,http://schemas.xmlsoap.org/soap/envelope/,urn:ebay:api:PayPalAPI,urn:ebay:apis:eBLBaseComponents,urn:ebay:apis:CoreComponentTypes,urn:ebay:apis:EnhancedDataTypes
sobhagya-facilitator_api1.outlook.com,PDR9FTWWU6FDBNKY,ANGx9fhOMuIxwcbkuUqPMh-9L15RAO6JJD8BDCZSxcx8nbBWeDOIbzW1,Sale,USD,643.58,PayPal_SDK,Forrest Nikolaus,22354 Prohaska Isle,South Kariane,NY,US,03322,Visa,1926,3,2019,Forrest,Nikolaus,US,Forrest Nikolaus,22354 Prohaska Isle,South Kariane,NY,US,03322,229,117.0,http://schemas.xmlsoap.org/soap/envelope/,urn:ebay:api:PayPalAPI,urn:ebay:apis:eBLBaseComponents,urn:ebay:apis:CoreComponentTypes,urn:ebay:apis:EnhancedDataTypes
sobhagya-facilitator_api1.outlook.com,PDR9FTWWU6FDBNKY,ANGx9fhOMuIxwcbkuUqPMh-9L15RAO6JJD8BDCZSxcx8nbBWeDOIbzW1,Sale,USD,230.99,PayPal_SDK,Reilly Corkery,0916 Shyanne View,West Joanie,WV,US,68349,Visa,8694,7,2023,Reilly,Corkery,US,Reilly Corkery,0916 Shyanne View,West Joanie,WV,US,68349,527,117.0,http://schemas.xmlsoap.org/soap/envelope/,urn:ebay:api:PayPalAPI,urn:ebay:apis:eBLBaseComponents,urn:ebay:apis:CoreComponentTypes,urn:ebay:apis:EnhancedDataTypes
sobhagya-facilitator_api1.outlook.com,PDR9FTWWU6FDBNKY,ANGx9fhOMuIxwcbkuUqPMh-9L15RAO6JJD8BDCZSxcx8nbBWeDOIbzW1,Sale,USD,691.99,PayPal_SDK,Jocelyn Davis,6250 Joaquin Stream,Lake Casimirburgh,ME,US,19947,Visa,9475,9,2018,Jocelyn,Davis,US,Jocelyn Davis,6250 Joaquin Stream,Lake Casimirburgh,ME,US,19947,484,117.0,http://schemas.xmlsoap.org/soap/envelope/,urn:ebay:api:PayPalAPI,urn:ebay:apis:eBLBaseComponents,urn:ebay:apis:CoreComponentTypes,urn:ebay:apis:EnhancedDataTypes
sobhagya-facilitator_api1.outlook.com,PDR9FTWWU6FDBNKY,ANGx9fhOMuIxwcbkuUqPMh-9L15RAO6JJD8BDCZSxcx8nbBWeDOIbzW1,Sale,USD,743.77,PayPal_SDK,Scotty Krajcik,1871 Monserrate Knolls,Port Simone,NV,US,07049,Visa,2910,8,2023,Scotty,Krajcik,US,Scotty Krajcik,1871 Monserrate Knolls,Port Simone,NV,US,07049,954,117.0,http://schemas.xmlsoap.org/soap/envelope/,urn:ebay:api:PayPalAPI,urn:ebay:apis:eBLBaseComponents,urn:ebay:apis:CoreComponentTypes,urn:ebay:apis:EnhancedDataTypes
sobhagya-facilitator_api1.outlook.com,PDR9FTWWU6FDBNKY,ANGx9fhOMuIxwcbkuUqPMh-9L15RAO6JJD8BDCZSxcx8nbBWeDOIbzW1,Sale,USD,300.18,PayPal_SDK,Sonya Purdy,035 Mabelle Mountain,Laurenceland,ID,US,34729,Visa,8610,10,2018,Sonya,Purdy,US,Sonya Purdy,035 Mabelle Mountain,Laurenceland,ID,US,34729,862,117.0,http://schemas.xmlsoap.org/soap/envelope/,urn:ebay:api:PayPalAPI,urn:ebay:apis:eBLBaseComponents,urn:ebay:apis:CoreComponentTypes,urn:ebay:apis:EnhancedDataTypes
sobhagya-facilitator_api1.outlook.com,PDR9FTWWU6FDBNKY,ANGx9fhOMuIxwcbkuUqPMh-9L15RAO6JJD8BDCZSxcx8nbBWeDOIbzW1,Sale,USD,241.56,PayPal_SDK,Alivia Mueller,819 Florida Prairie,Steubertown,HI,US,98397,Visa,2692,7,2022,Alivia,Mueller,US,Alivia Mueller,819 Florida Prairie,Steubertown,HI,US,98397,437,117.0,http://schemas.xmlsoap.org/soap/envelope/,urn:ebay:api:PayPalAPI,urn:ebay:apis:eBLBaseComponents,urn:ebay:apis:CoreComponentTypes,urn:ebay:apis:EnhancedDataTypes
sobhagya-facilitator_api1.outlook.com,PDR9FTWWU6FDBNKY,ANGx9fhOMuIxwcbkuUqPMh-9L15RAO6JJD8BDCZSxcx8nbBWeDOIbzW1,Sale,USD,198.19,PayPal_SDK,Vella Funk,49399 Sallie Mountains,Ferminview,WY,US,64424,Visa,1210,6,2020,Vella,Funk,US,Vella Funk,49399 Sallie Mountains,Ferminview,WY,US,64424,147,117.0,http://schemas.xmlsoap.org/soap/envelope/,urn:ebay:api:PayPalAPI,urn:ebay:apis:eBLBaseComponents,urn:ebay:apis:CoreComponentTypes,urn:ebay:apis:EnhancedDataTypes
sobhagya-facilitator_api1.outlook.com,PDR9FTWWU6FDBNKY,ANGx9fhOMuIxwcbkuUqPMh-9L15RAO6JJD8BDCZSxcx8nbBWeDOIbzW1,Sale,USD,109.97,PayPal_SDK,Milford Olson,96816 Romaguera Unions,Port Jaylan,WI,US,96834,Visa,6308,11,2021,Milford,Olson,US,Milford Olson,96816 Romaguera Unions,Port Jaylan,WI,US,96834,287,117.0,http://schemas.xmlsoap.org/soap/envelope/,urn:ebay:api:PayPalAPI,urn:ebay:apis:eBLBaseComponents,urn:ebay:apis:CoreComponentTypes,urn:ebay:apis:EnhancedDataTypes
sobhagya-facilitator_api1.outlook.com,PDR9FTWWU6FDBNKY,ANGx9fhOMuIxwcbkuUqPMh-9L15RAO6JJD8BDCZSxcx8nbBWeDOIbzW1,Sale,USD,493.28,PayPal_SDK,Declan Lowe,1317 Lesch Islands,Genevieveshire,HI,US,08791,Visa,2422,2,2023,Declan,Lowe,US,Declan Lowe,1317 Lesch Islands,Genevieveshire,HI,US,08791,837,117.0,http://schemas.xmlsoap.org/soap/envelope/,urn:ebay:api:PayPalAPI,urn:ebay:apis:eBLBaseComponents,urn:ebay:apis:CoreComponentTypes,urn:ebay:apis:EnhancedDataTypes
sobhagya-facilitator_api1.outlook.com,PDR9FTWWU6FDBNKY,ANGx9fhOMuIxwcbkuUqPMh-9L15RAO6JJD8BDCZSxcx8nbBWeDOIbzW1,Sale,USD,403.7,PayPal_SDK,Frederic Baumbach,1631 Abe Harbors,West Kameronview,NM,US,82140,Visa,5496,6,2023,Frederic,Baumbach,US,Frederic Baumbach,1631 Abe Harbors,West Kameronview,NM,US,82140,547,117.0,http://schemas.xmlsoap.org/soap/envelope/,urn:ebay:api:PayPalAPI,urn:ebay:apis:eBLBaseComponents,urn:ebay:apis:CoreComponentTypes,urn:ebay:apis:EnhancedDataTypes
sobhagya-facilitator_api1.outlook.com,PDR9FTWWU6FDBNKY,ANGx9fhOMuIxwcbkuUqPMh-9L15RAO6JJD8BDCZSxcx8nbBWeDOIbzW1,Sale,USD,595.27,PayPal_SDK,Rosalyn Watsica,4752 Ignacio Parkways,Clementinamouth,CO,US,51809,Visa,8206,7,2019,Rosalyn,Watsica,US,Rosalyn Watsica,4752 Ignacio Parkways,Clementinamouth,CO,US,51809,607,117.0,http://schemas.xmlsoap.org/soap/envelope/,urn:ebay:api:PayPalAPI,urn:ebay:apis:eBLBaseComponents,urn:ebay:apis:CoreComponentTypes,urn:ebay:apis:EnhancedDataTypes
sobhagya-facilitator_api1.outlook.com,PDR9FTWWU6FDBNKY,ANGx9fhOMuIxwcbkuUqPMh-9L15RAO6JJD8BDCZSxcx8nbBWeDOIbzW1,Sale,USD,122.26,PayPal_SDK,Eddie Dare,6762 Brennan Track,Lake Elvis,TN,US,66428,Visa,5736,3,2022,Eddie,Dare,US,Eddie Dare,6762 Brennan Track,Lake Elvis,TN,US,66428,343,117.0,http://schemas.xmlsoap.org/soap/envelope/,urn:ebay:api:PayPalAPI,urn:ebay:apis:eBLBaseComponents,urn:ebay:apis:CoreComponentTypes,urn:ebay:apis:EnhancedDataTypes
sobhagya-facilitator_api1.outlook.com,PDR9FTWWU6FDBNKY,ANGx9fhOMuIxwcbkuUqPMh-9L15RAO6JJD8BDCZSxcx8nbBWeDOIbzW1,Sale,USD,84.08,PayPal_SDK,Deonte Balistreri,8048 Myles Park,Schinnerland,MN,US,61284,Visa,4131,4,2019,Deonte,Balistreri,US,Deonte Balistreri,8048 Myles Park,Schinnerland,MN,US,61284,138,117.0,http://schemas.xmlsoap.org/soap/envelope/,urn:ebay:api:PayPalAPI,urn:ebay:apis:eBLBaseComponents,urn:ebay:apis:CoreComponentTypes,urn:ebay:apis:EnhancedDataTypes
sobhagya-facilitator_api1.outlook.com,PDR9FTWWU6FDBNKY,ANGx9fhOMuIxwcbkuUqPMh-9L15RAO6JJD8BDCZSxcx8nbBWeDOIbzW1,Sale,USD,640.78,PayPal_SDK,Odell Koepp,835 Miller Underpass,Berniceburgh,FL,US,00914,Visa,5315,4,2020,Odell,Koepp,US,Odell Koepp,835 Miller Underpass,Berniceburgh,FL,US,00914,506,117.0,http://schemas.xmlsoap.org/soap/envelope/,urn:ebay:api:PayPalAPI,urn:ebay:apis:eBLBaseComponents,urn:ebay:apis:CoreComponentTypes,urn:ebay:apis:EnhancedDataTypes
sobhagya-facilitator_api1.outlook.com,PDR9FTWWU6FDBNKY,ANGx9fhOMuIxwcbkuUqPMh-9L15RAO6JJD8BDCZSxcx8nbBWeDOIbzW1,Sale,USD,540.28,PayPal_SDK,Isobel Brakus,010 Glover Landing,Eliseoberg,ND,US,35610,Visa,3253,5,2023,Isobel,Brakus,US,Isobel Brakus,010 Glover Landing,Eliseoberg,ND,US,35610,528,117.0,http://schemas.xmlsoap.org/soap/envelope/,urn:ebay:api:PayPalAPI,urn:ebay:apis:eBLBaseComponents,urn:ebay:apis:CoreComponentTypes,urn:ebay:apis:EnhancedDataTypes
sobhagya-facilitator_api1.outlook.com,PDR9FTWWU6FDBNKY,ANGx9fhOMuIxwcbkuUqPMh-9L15RAO6JJD8BDCZSxcx8nbBWeDOIbzW1,Sale,USD,192.41,PayPal_SDK,Mozelle Zemlak,45893 Lemke Stravenue,Hubertmouth,CO,US,29459,Visa,5053,1,2022,Mozelle,Zemlak,US,Mozelle Zemlak,45893 Lemke Stravenue,Hubertmouth,CO,US,29459,289,117.0,http://schemas.xmlsoap.org/soap/envelope/,urn:ebay:api:PayPalAPI,urn:ebay:apis:eBLBaseComponents,urn:ebay:apis:CoreComponentTypes,urn:ebay:apis:EnhancedDataTypes
sobhagya-facilitator_api1.outlook.com,PDR9FTWWU6FDBNKY,ANGx9fhOMuIxwcbkuUqPMh-9L15RAO6JJD8BDCZSxcx8nbBWeDOIbzW1,Sale,USD,969.79,PayPal_SDK,Kolby Denesik,53463 Cletus Course,Klingborough,NY,US,97212,Visa,7022,8,2018,Kolby,Denesik,US,Kolby Denesik,53463 Cletus Course,Klingborough,NY,US,97212,666,117.0,http://schemas.xmlsoap.org/soap/envelope/,urn:ebay:api:PayPalAPI,urn:ebay:apis:eBLBaseComponents,urn:ebay:apis:CoreComponentTypes,urn:ebay:apis:EnhancedDataTypes
sobhagya-facilitator_api1.outlook.com,PDR9FTWWU6FDBNKY,ANGx9fhOMuIxwcbkuUqPMh-9L15RAO6JJD8BDCZSxcx8nbBWeDOIbzW1,Sale,USD,998.6,PayPal_SDK,Davonte Hauck,239 Hintz Field,East Reid,MT,US,75784,Visa,2834,1,2020,Davonte,Hauck,US,Davonte Hauck,239 Hintz Field,East Reid,MT,US,75784,359,117.0,http://schemas.xmlsoap.org/soap/envelope/,urn:ebay:api:PayPalAPI,urn:ebay:apis:eBLBaseComponents,urn:ebay:apis:CoreComponentTypes,urn:ebay:apis:EnhancedDataTypes
sobhagya-facilitator_api1.outlook.com,PDR9FTWWU6FDBNKY,ANGx9fhOMuIxwcbkuUqPMh-9L15RAO6JJD8BDCZSxcx8nbBWeDOIbzW1,Sale,USD,273.77,PayPal_SDK,Gwendolyn Nicolas,490 Romaguera Groves,Easterstad,ME,US,02047,Visa,4737,5,2023,Gwendolyn,Nicolas,US,Gwendolyn Nicolas,490 Romaguera Groves,Easterstad,ME,US,02047,301,117.0,http://schemas.xmlsoap.org/soap/envelope/,urn:ebay:api:PayPalAPI,urn:ebay:apis:eBLBaseComponents,urn:ebay:apis:CoreComponentTypes,urn:ebay:apis:EnhancedDataTypes
sobhagya-facilitator_api1.outlook.com,PDR9FTWWU6FDBNKY,ANGx9fhOMuIxwcbkuUqPMh-9L15RAO6JJD8BDCZSxcx8nbBWeDOIbzW1,Sale,USD,829.58,PayPal_SDK,Art Gorczany,565 Antoinette Tunnel,South Shadfurt,AK,US,96650,Visa,9613,12,2023,Art,Gorczany,US,Art Gorczany,565 Antoinette Tunnel,South Shadfurt,AK,US,96650,681,117.0,http://schemas.xmlsoap.org/soap/envelope/,urn:ebay:api:PayPalAPI,urn:ebay:apis:eBLBaseComponents,urn:ebay:apis:CoreComponentTypes,urn:ebay:apis:EnhancedDataTypes
sobhagya-facilitator_api1.outlook.com,PDR9FTWWU6FDBNKY,ANGx9fhOMuIxwcbkuUqPMh-9L15RAO6JJD8BDCZSxcx8nbBWeDOIbzW1,Sale,USD,384.11,PayPal_SDK,Lavina Crooks,186 Matt Radial,Port Nyah,GA,US,20967,Visa,5355,11,2018,Lavina,Crooks,US,Lavina Crooks,186 Matt Radial,Port Nyah,GA,US,20967,953,117.0,http://schemas.xmlsoap.org/soap/envelope/,urn:ebay:api:PayPalAPI,urn:ebay:apis:eBLBaseComponents,urn:ebay:apis:CoreComponentTypes,urn:ebay:apis:EnhancedDataTypes
sobhagya-facilitator_api1.outlook.com,PDR9FTWWU6FDBNKY,ANGx9fhOMuIxwcbkuUqPMh-9L15RAO6JJD8BDCZSxcx8nbBWeDOIbzW1,Sale,USD,722.11,PayPal_SDK,Mozelle Muller,22442 Donald Cove,Aufderharfort,WY,US,16136,Visa,1348,10,2023,Mozelle,Muller,US,Mozelle Muller,22442 Donald Cove,Aufderharfort,WY,US,16136,134,117.0,http://schemas.xmlsoap.org/soap/envelope/,urn:ebay:api:PayPalAPI,urn:ebay:apis:eBLBaseComponents,urn:ebay:apis:CoreComponentTypes,urn:ebay:apis:EnhancedDataTypes
sobhagya-facilitator_api1.outlook.com,PDR9FTWWU6FDBNKY,ANGx9fhOMuIxwcbkuUqPMh-9L15RAO6JJD8BDCZSxcx8nbBWeDOIbzW1,Sale,USD,265.9,PayPal_SDK,Camila Koch,600 Robel Path,West Ethyl,MO,US,37810,Visa,8772,12,2019,Camila,Koch,US,Camila Koch,600 Robel Path,West Ethyl,MO,US,37810,760,117.0,http://schemas.xmlsoap.org/soap/envelope/,urn:ebay:api:PayPalAPI,urn:ebay:apis:eBLBaseComponents,urn:ebay:apis:CoreComponentTypes,urn:ebay:apis:EnhancedDataTypes
sobhagya-facilitator_api1.outlook.com,PDR9FTWWU6FDBNKY,ANGx9fhOMuIxwcbkuUqPMh-9L15RAO6JJD8BDCZSxcx8nbBWeDOIbzW1,Sale,USD,15.55,PayPal_SDK,Cristina Jenkins,6523 Frami Run,Herminiaton,MN,US,88897,Visa,6029,9,2021,Cristina,Jenkins,US,Cristina Jenkins,6523 Frami Run,Herminiaton,MN,US,88897,677,117.0,http://schemas.xmlsoap.org/soap/envelope/,urn:ebay:api:PayPalAPI,urn:ebay:apis:eBLBaseComponents,urn:ebay:apis:CoreComponentTypes,urn:ebay:apis:EnhancedDataTypes
sobhagya-facilitator_api1.outlook.com,PDR9FTWWU6FDBNKY,ANGx9fhOMuIxwcbkuUqPMh-9L15RAO6JJD8BDCZSxcx8nbBWeDOIbzW1,Sale,USD,467.62,PayPal_SDK,Orval Kuhn,3631 Rempel Mountains,South Brannon,AL,US,35288,Visa,2786,2,2023,Orval,Kuhn,US,Orval Kuhn,3631 Rempel Mountains,South Brannon,AL,US,35288,778,117.0,http://schemas.xmlsoap.org/soap/envelope/,urn:ebay:api:PayPalAPI,urn:ebay:apis:eBLBaseComponents,urn:ebay:apis:CoreComponentTypes,urn:ebay:apis:EnhancedDataTypes
sobhagya-facilitator_api1.outlook.com,PDR9FTWWU6FDBNKY,ANGx9fhOMuIxwcbkuUqPMh-9L15RAO6JJD8BDCZSxcx8nbBWeDOIbzW1,Sale,USD,897.68,PayPal_SDK,Felicita Dibbert,54753 Audra Walk,East Brendenton,AL,US,39295,Visa,1148,1,2018,Felicita,Dibbert,US,Felicita Dibbert,54753 Audra Walk,East Brendenton,AL,US,39295,721,117.0,http://schemas.xmlsoap.org/soap/envelope/,urn:ebay:api:PayPalAPI,urn:ebay:apis:eBLBaseComponents,urn:ebay:apis:CoreComponentTypes,urn:ebay:apis:EnhancedDataTypes
sobhagya-facilitator_api1.outlook.com,PDR9FTWWU6FDBNKY,ANGx9fhOMuIxwcbkuUqPMh-9L15RAO6JJD8BDCZSxcx8nbBWeDOIbzW1,Sale,USD,923.65,PayPal_SDK,Camille Rippin,34712 Joan Summit,South Arianeburgh,SC,US,54002,Visa,3976,9,2021,Camille,Rippin,US,Camille Rippin,34712 Joan Summit,South Arianeburgh,SC,US,54002,378,117.0,http://schemas.xmlsoap.org/soap/envelope/,urn:ebay:api:PayPalAPI,urn:ebay:apis:eBLBaseComponents,urn:ebay:apis:CoreComponentTypes,urn:ebay:apis:EnhancedDataTypes
sobhagya-facilitator_api1.outlook.com,PDR9FTWWU6FDBNKY,ANGx9fhOMuIxwcbkuUqPMh-9L15RAO6JJD8BDCZSxcx8nbBWeDOIbzW1,Sale,USD,943.1,PayPal_SDK,Lavon Cronin,0923 Weissnat Grove,New Romaine,NJ,US,81800,Visa,4522,12,2019,Lavon,Cronin,US,Lavon Cronin,0923 Weissnat Grove,New Romaine,NJ,US,81800,315,117.0,http://schemas.xmlsoap.org/soap/envelope/,urn:ebay:api:PayPalAPI,urn:ebay:apis:eBLBaseComponents,urn:ebay:apis:CoreComponentTypes,urn:ebay:apis:EnhancedDataTypes
sobhagya-facilitator_api1.outlook.com,PDR9FTWWU6FDBNKY,ANGx9fhOMuIxwcbkuUqPMh-9L15RAO6JJD8BDCZSxcx8nbBWeDOIbzW1,Sale,USD,974.61,PayPal_SDK,Reva Bartoletti,71586 Christian Cliffs,New Graciela,VA,US,62104,Visa,4078,9,2019,Reva,Bartoletti,US,Reva Bartoletti,71586 Christian Cliffs,New Graciela,VA,US,62104,964,117.0,http://schemas.xmlsoap.org/soap/envelope/,urn:ebay:api:PayPalAPI,urn:ebay:apis:eBLBaseComponents,urn:ebay:apis:CoreComponentTypes,urn:ebay:apis:EnhancedDataTypes
sobhagya-facilitator_api1.outlook.com,PDR9FTWWU6FDBNKY,ANGx9fhOMuIxwcbkuUqPMh-9L15RAO6JJD8BDCZSxcx8nbBWeDOIbzW1,Sale,USD,485.34,PayPal_SDK,Dakota Schmeler,9736 Schumm Burgs,South Willieton,IL,US,89409,Visa,2885,11,2020,Dakota,Schmeler,US,Dakota Schmeler,9736 Schumm Burgs,South Willieton,IL,US,89409,287,117.0,http://schemas.xmlsoap.org/soap/envelope/,urn:ebay:api:PayPalAPI,urn:ebay:apis:eBLBaseComponents,urn:ebay:apis:CoreComponentTypes,urn:ebay:apis:EnhancedDataTypes
sobhagya-facilitator_api1.outlook.com,PDR9FTWWU6FDBNKY,ANGx9fhOMuIxwcbkuUqPMh-9L15RAO6JJD8BDCZSxcx8nbBWeDOIbzW1,Sale,USD,643.35,PayPal_SDK,Lonzo Conn,878 Jace Mission,Boyleview,KS,US,21773,Visa,5476,9,2020,Lonzo,Conn,US,Lonzo Conn,878 Jace Mission,Boyleview,KS,US,21773,595,117.0,http://schemas.xmlsoap.org/soap/envelope/,urn:ebay:api:PayPalAPI,urn:ebay:apis:eBLBaseComponents,urn:ebay:apis:CoreComponentTypes,urn:ebay:apis:EnhancedDataTypes
sobhagya-facilitator_api1.outlook.com,PDR9FTWWU6FDBNKY,ANGx9fhOMuIxwcbkuUqPMh-9L15RAO6JJD8BDCZSxcx8nbBWeDOIbzW1,Sale,USD,11.26,PayPal_SDK,Celestino Wehner,89012 Bethany Union,North Adelia,NV,US,57321,Visa,1176,8,2021,Celestino,Wehner,US,Celestino Wehner,89012 Bethany Union,North Adelia,NV,US,57321,237,117.0,http://schemas.xmlsoap.org/soap/envelope/,urn:ebay:api:PayPalAPI,urn:ebay:apis:eBLBaseComponents,urn:ebay:apis:CoreComponentTypes,urn:ebay:apis:EnhancedDataTypes
sobhagya-facilitator_api1.outlook.com,PDR9FTWWU6FDBNKY,ANGx9fhOMuIxwcbkuUqPMh-9L15RAO6JJD8BDCZSxcx8nbBWeDOIbzW1,Sale,USD,685.14,PayPal_SDK,Fleta Marquardt,835 Kristin Common,Albinside,ME,US,09580,Visa,2224,3,2019,Fleta,Marquardt,US,Fleta Marquardt,835 Kristin Common,Albinside,ME,US,09580,246,117.0,http://schemas.xmlsoap.org/soap/envelope/,urn:ebay:api:PayPalAPI,urn:ebay:apis:eBLBaseComponents,urn:ebay:apis:CoreComponentTypes,urn:ebay:apis:EnhancedDataTypes
sobhagya-facilitator_api1.outlook.com,PDR9FTWWU6FDBNKY,ANGx9fhOMuIxwcbkuUqPMh-9L15RAO6JJD8BDCZSxcx8nbBWeDOIbzW1,Sale,USD,788.14,PayPal_SDK,Aliya Hermiston,297 Christiansen Center,Port Emelia,MN,US,08598,Visa,2166,12,2018,Aliya,Hermiston,US,Aliya Hermiston,297 Christiansen Center,Port Emelia,MN,US,08598,765,117.0,http://schemas.xmlsoap.org/soap/envelope/,urn:ebay:api:PayPalAPI,urn:ebay:apis:eBLBaseComponents,urn:ebay:apis:CoreComponentTypes,urn:ebay:apis:EnhancedDataTypes
sobhagya-facilitator_api1.outlook.com,PDR9FTWWU6FDBNKY,ANGx9fhOMuIxwcbkuUqPMh-9L15RAO6JJD8BDCZSxcx8nbBWeDOIbzW1,Sale,USD,845.8,PayPal_SDK,Emmy Ullrich,3559 Uriel Island,North Aryanna,DE,US,56320,Visa,3910,11,2020,Emmy,Ullrich,US,Emmy Ullrich,3559 Uriel Island,North Aryanna,DE,US,56320,756,117.0,http://schemas.xmlsoap.org/soap/envelope/,urn:ebay:api:PayPalAPI,urn:ebay:apis:eBLBaseComponents,urn:ebay:apis:CoreComponentTypes,urn:ebay:apis:EnhancedDataTypes
sobhagya-facilitator_api1.outlook.com,PDR9FTWWU6FDBNKY,ANGx9fhOMuIxwcbkuUqPMh-9L15RAO6JJD8BDCZSxcx8nbBWeDOIbzW1,Sale,USD,380.36,PayPal_SDK,Dasia Greenfelder,5602 Runolfsson Pine,North Eloisastad,MO,US,74094,Visa,7569,1,2022,Dasia,Greenfelder,US,Dasia Greenfelder,5602 Runolfsson Pine,North Eloisastad,MO,US,74094,983,117.0,http://schemas.xmlsoap.org/soap/envelope/,urn:ebay:api:PayPalAPI,urn:ebay:apis:eBLBaseComponents,urn:ebay:apis:CoreComponentTypes,urn:ebay:apis:EnhancedDataTypes
sobhagya-facilitator_api1.outlook.com,PDR9FTWWU6FDBNKY,ANGx9fhOMuIxwcbkuUqPMh-9L15RAO6JJD8BDCZSxcx8nbBWeDOIbzW1,Sale,USD,491.56,PayPal_SDK,Oran Funk,2877 Tillman Harbors,Davisburgh,WA,US,49336,Visa,7918,12,2019,Oran,Funk,US,Oran Funk,2877 Tillman Harbors,Davisburgh,WA,US,49336,877,117.0,http://schemas.xmlsoap.org/soap/envelope/,urn:ebay:api:PayPalAPI,urn:ebay:apis:eBLBaseComponents,urn:ebay:apis:CoreComponentTypes,urn:ebay:apis:EnhancedDataTypes
sobhagya-facilitator_api1.outlook.com,PDR9FTWWU6FDBNKY,ANGx9fhOMuIxwcbkuUqPMh-9L15RAO6JJD8BDCZSxcx8nbBWeDOIbzW1,Sale,USD,618.93,PayPal_SDK,Maye Howe,28682 Hipolito Crossroad,Lake Cassieland,NV,US,47444,Visa,7526,9,2018,Maye,Howe,US,Maye Howe,28682 Hipolito Crossroad,Lake Cassieland,NV,US,47444,891,117.0,http://schemas.xmlsoap.org/soap/envelope/,urn:ebay:api:PayPalAPI,urn:ebay:apis:eBLBaseComponents,urn:ebay:apis:CoreComponentTypes,urn:ebay:apis:EnhancedDataTypes
sobhagya-facilitator_api1.outlook.com,PDR9FTWWU6FDBNKY,ANGx9fhOMuIxwcbkuUqPMh-9L15RAO6JJD8BDCZSxcx8nbBWeDOIbzW1,Sale,USD,793.81,PayPal_SDK,Hunter Connelly,5744 Shawn Cove,East Athenastad,DE,US,99159,Visa,2201,9,2021,Hunter,Connelly,US,Hunter Connelly,5744 Shawn Cove,East Athenastad,DE,US,99159,423,117.0,http://schemas.xmlsoap.org/soap/envelope/,urn:ebay:api:PayPalAPI,urn:ebay:apis:eBLBaseComponents,urn:ebay:apis:CoreComponentTypes,urn:ebay:apis:EnhancedDataTypes
sobhagya-facilitator_api1.outlook.com,PDR9FTWWU6FDBNKY,ANGx9fhOMuIxwcbkuUqPMh-9L15RAO6JJD8BDCZSxcx8nbBWeDOIbzW1,Sale,USD,887.58,PayPal_SDK,Charlie Feeney,865 Yasmine Circles,Lake Maud,ID,US,90243,Visa,7532,9,2021,Charlie,Feeney,US,Charlie Feeney,865 Yasmine Circles,Lake Maud,ID,US,90243,424,117.0,http://schemas.xmlsoap.org/soap/envelope/,urn:ebay:api:PayPalAPI,urn:ebay:apis:eBLBaseComponents,urn:ebay:apis:CoreComponentTypes,urn:ebay:apis:EnhancedDataTypes
sobhagya-facilitator_api1.outlook.com,PDR9FTWWU6FDBNKY,ANGx9fhOMuIxwcbkuUqPMh-9L15RAO6JJD8BDCZSxcx8nbBWeDOIbzW1,Sale,USD,786.27,PayPal_SDK,Barry Schumm,33974 Jovani Valleys,North Fredrickchester,ME,US,90832,Visa,2285,5,2018,Barry,Schumm,US,Barry Schumm,33974 Jovani Valleys,North Fredrickchester,ME,US,90832,697,117.0,http://schemas.xmlsoap.org/soap/envelope/,urn:ebay:api:PayPalAPI,urn:ebay:apis:eBLBaseComponents,urn:ebay:apis:CoreComponentTypes,urn:ebay:apis:EnhancedDataTypes
sobhagya-facilitator_api1.outlook.com,PDR9FTWWU6FDBNKY,ANGx9fhOMuIxwcbkuUqPMh-9L15RAO6JJD8BDCZSxcx8nbBWeDOIbzW1,Sale,USD,195.96,PayPal_SDK,Jody Fritsch,1974 Nolan Highway,South Jadynside,SC,US,82442,Visa,1943,9,2018,Jody,Fritsch,US,Jody Fritsch,1974 Nolan Highway,South Jadynside,SC,US,82442,245,117.0,http://schemas.xmlsoap.org/soap/envelope/,urn:ebay:api:PayPalAPI,urn:ebay:apis:eBLBaseComponents,urn:ebay:apis:CoreComponentTypes,urn:ebay:apis:EnhancedDataTypes
sobhagya-facilitator_api1.outlook.com,PDR9FTWWU6FDBNKY,ANGx9fhOMuIxwcbkuUqPMh-9L15RAO6JJD8BDCZSxcx8nbBWeDOIbzW1,Sale,USD,826.88,PayPal_SDK,Peter Thompson,288 Kautzer Loop,Gregorychester,NJ,US,17076,Visa,2863,7,2021,Peter,Thompson,US,Peter Thompson,288 Kautzer Loop,Gregorychester,NJ,US,17076,693,117.0,http://schemas.xmlsoap.org/soap/envelope/,urn:ebay:api:PayPalAPI,urn:ebay:apis:eBLBaseComponents,urn:ebay:apis:CoreComponentTypes,urn:ebay:apis:EnhancedDataTypes
sobhagya-facilitator_api1.outlook.com,PDR9FTWWU6FDBNKY,ANGx9fhOMuIxwcbkuUqPMh-9L15RAO6JJD8BDCZSxcx8nbBWeDOIbzW1,Sale,USD,499.28,PayPal_SDK,Wilhelm White,30879 Howe Glen,VonRuedenshire,MO,US,13538,Visa,2071,9,2018,Wilhelm,White,US,Wilhelm White,30879 Howe Glen,VonRuedenshire,MO,US,13538,258,117.0,http://schemas.xmlsoap.org/soap/envelope/,urn:ebay:api:PayPalAPI,urn:ebay:apis:eBLBaseComponents,urn:ebay:apis:CoreComponentTypes,urn:ebay:apis:EnhancedDataTypes
sobhagya-facilitator_api1.outlook.com,PDR9FTWWU6FDBNKY,ANGx9fhOMuIxwcbkuUqPMh-9L15RAO6JJD8BDCZSxcx8nbBWeDOIbzW1,Sale,USD,762.67,PayPal_SDK,Carleton Rowe,02108 Collins Corners,Carminefort,MN,US,98385,Visa,1440,12,2018,Carleton,Rowe,US,Carleton Rowe,02108 Collins Corners,Carminefort,MN,US,98385,919,117.0,http://schemas.xmlsoap.org/soap/envelope/,urn:ebay:api:PayPalAPI,urn:ebay:apis:eBLBaseComponents,urn:ebay:apis:CoreComponentTypes,urn:ebay:apis:EnhancedDataTypes
sobhagya-facilitator_api1.outlook.com,PDR9FTWWU6FDBNKY,ANGx9fhOMuIxwcbkuUqPMh-9L15RAO6JJD8BDCZSxcx8nbBWeDOIbzW1,Sale,USD,413.98,PayPal_SDK,Rashawn Connelly,8774 Celestino Via,West Jerod,CA,US,63636,Visa,5162,8,2021,Rashawn,Connelly,US,Rashawn Connelly,8774 Celestino Via,West Jerod,CA,US,63636,673,117.0,http://schemas.xmlsoap.org/soap/envelope/,urn:ebay:api:PayPalAPI,urn:ebay:apis:eBLBaseComponents,urn:ebay:apis:CoreComponentTypes,urn:ebay:apis:EnhancedDataTypes
sobhagya-facilitator_api1.outlook.com,PDR9FTWWU6FDBNKY,ANGx9fhOMuIxwcbkuUqPMh-9L15RAO6JJD8BDCZSxcx8nbBWeDOIbzW1,Sale,USD,845.25,PayPal_SDK,Marina Howell,127 Alyson Freeway,Gwendolynfurt,TX,US,02124,Visa,2538,4,2022,Marina,Howell,US,Marina Howell,127 Alyson Freeway,Gwendolynfurt,TX,US,02124,267,117.0,http://schemas.xmlsoap.org/soap/envelope/,urn:ebay:api:PayPalAPI,urn:ebay:apis:eBLBaseComponents,urn:ebay:apis:CoreComponentTypes,urn:ebay:apis:EnhancedDataTypes
sobhagya-facilitator_api1.outlook.com,PDR9FTWWU6FDBNKY,ANGx9fhOMuIxwcbkuUqPMh-9L15RAO6JJD8BDCZSxcx8nbBWeDOIbzW1,Sale,USD,617.14,PayPal_SDK,Calista Tillman,04592 Little Park,Bergnaumton,NE,US,96614,Visa,3536,1,2018,Calista,Tillman,US,Calista Tillman,04592 Little Park,Bergnaumton,NE,US,96614,961,117.0,http://schemas.xmlsoap.org/soap/envelope/,urn:ebay:api:PayPalAPI,urn:ebay:apis:eBLBaseComponents,urn:ebay:apis:CoreComponentTypes,urn:ebay:apis:EnhancedDataTypes
sobhagya-facilitator_api1.outlook.com,PDR9FTWWU6FDBNKY,ANGx9fhOMuIxwcbkuUqPMh-9L15RAO6JJD8BDCZSxcx8nbBWeDOIbzW1,Sale,USD,308.9,PayPal_SDK,Daryl Crist,97772 Collier Stravenue,Hermanfort,NV,US,09845,Visa,3160,8,2022,Daryl,Crist,US,Daryl Crist,97772 Collier Stravenue,Hermanfort,NV,US,09845,824,117.0,http://schemas.xmlsoap.org/soap/envelope/,urn:ebay:api:PayPalAPI,urn:ebay:apis:eBLBaseComponents,urn:ebay:apis:CoreComponentTypes,urn:ebay:apis:EnhancedDataTypes
sobhagya-facilitator_api1.outlook.com,PDR9FTWWU6FDBNKY,ANGx9fhOMuIxwcbkuUqPMh-9L15RAO6JJD8BDCZSxcx8nbBWeDOIbzW1,Sale,USD,545.91,PayPal_SDK,Joseph Kuhn,817 Oren Mill,Port Karli,ND,US,01578,Visa,1819,10,2018,Joseph,Kuhn,US,Joseph Kuhn,817 Oren Mill,Port Karli,ND,US,01578,177,117.0,http://schemas.xmlsoap.org/soap/envelope/,urn:ebay:api:PayPalAPI,urn:ebay:apis:eBLBaseComponents,urn:ebay:apis:CoreComponentTypes,urn:ebay:apis:EnhancedDataTypes
sobhagya-facilitator_api1.outlook.com,PDR9FTWWU6FDBNKY,ANGx9fhOMuIxwcbkuUqPMh-9L15RAO6JJD8BDCZSxcx8nbBWeDOIbzW1,Sale,USD,850.51,PayPal_SDK,Bernardo Rath,107 Ramiro Lodge,North Susanaton,UT,US,68137,Visa,2476,1,2022,Bernardo,Rath,US,Bernardo Rath,107 Ramiro Lodge,North Susanaton,UT,US,68137,309,117.0,http://schemas.xmlsoap.org/soap/envelope/,urn:ebay:api:PayPalAPI,urn:ebay:apis:eBLBaseComponents,urn:ebay:apis:CoreComponentTypes,urn:ebay:apis:EnhancedDataTypes
sobhagya-facilitator_api1.outlook.com,PDR9FTWWU6FDBNKY,ANGx9fhOMuIxwcbkuUqPMh-9L15RAO6JJD8BDCZSxcx8nbBWeDOIbzW1,Sale,USD,37.62,PayPal_SDK,Felipe Ankunding,52604 Edythe Flats,Godfreychester,AK,US,23785,Visa,5144,9,2019,Felipe,Ankunding,US,Felipe Ankunding,52604 Edythe Flats,Godfreychester,AK,US,23785,585,117.0,http://schemas.xmlsoap.org/soap/envelope/,urn:ebay:api:PayPalAPI,urn:ebay:apis:eBLBaseComponents,urn:ebay:apis:CoreComponentTypes,urn:ebay:apis:EnhancedDataTypes
sobhagya-facilitator_api1.outlook.com,PDR9FTWWU6FDBNKY,ANGx9fhOMuIxwcbkuUqPMh-9L15RAO6JJD8BDCZSxcx8nbBWeDOIbzW1,Sale,USD,295.36,PayPal_SDK,Joshua Larson,1283 Hessel Mountain,East Enrico,ND,US,61844,Visa,7293,6,2020,Joshua,Larson,US,Joshua Larson,1283 Hessel Mountain,East Enrico,ND,US,61844,719,117.0,http://schemas.xmlsoap.org/soap/envelope/,urn:ebay:api:PayPalAPI,urn:ebay:apis:eBLBaseComponents,urn:ebay:apis:CoreComponentTypes,urn:ebay:apis:EnhancedDataTypes
sobhagya-facilitator_api1.outlook.com,PDR9FTWWU6FDBNKY,ANGx9fhOMuIxwcbkuUqPMh-9L15RAO6JJD8BDCZSxcx8nbBWeDOIbzW1,Sale,USD,730.8,PayPal_SDK,Caroline Osinski,70656 Jaydon Glens,Port Calistafurt,IN,US,70134,Visa,8965,10,2023,Caroline,Osinski,US,Caroline Osinski,70656 Jaydon Glens,Port Calistafurt,IN,US,70134,548,117.0,http://schemas.xmlsoap.org/soap/envelope/,urn:ebay:api:PayPalAPI,urn:ebay:apis:eBLBaseComponents,urn:ebay:apis:CoreComponentTypes,urn:ebay:apis:EnhancedDataTypes
sobhagya-facilitator_api1.outlook.com,PDR9FTWWU6FDBNKY,ANGx9fhOMuIxwcbkuUqPMh-9L15RAO6JJD8BDCZSxcx8nbBWeDOIbzW1,Sale,USD,703.44,PayPal_SDK,Nicholas Hane,376 Stefanie Prairie,Lake Tonyview,CA,US,34370,Visa,5864,2,2021,Nicholas,Hane,US,Nicholas Hane,376 Stefanie Prairie,Lake Tonyview,CA,US,34370,812,117.0,http://schemas.xmlsoap.org/soap/envelope/,urn:ebay:api:PayPalAPI,urn:ebay:apis:eBLBaseComponents,urn:ebay:apis:CoreComponentTypes,urn:ebay:apis:EnhancedDataTypes
sobhagya-facilitator_api1.outlook.com,PDR9FTWWU6FDBNKY,ANGx9fhOMuIxwcbkuUqPMh-9L15RAO6JJD8BDCZSxcx8nbBWeDOIbzW1,Sale,USD,478.8,PayPal_SDK,Lenny Tremblay,7987 Kling Shoals,Orenside,VA,US,62716,Visa,7203,2,2020,Lenny,Tremblay,US,Lenny Tremblay,7987 Kling Shoals,Orenside,VA,US,62716,192,117.0,http://schemas.xmlsoap.org/soap/envelope/,urn:ebay:api:PayPalAPI,urn:ebay:apis:eBLBaseComponents,urn:ebay:apis:CoreComponentTypes,urn:ebay:apis:EnhancedDataTypes
sobhagya-facilitator_api1.outlook.com,PDR9FTWWU6FDBNKY,ANGx9fhOMuIxwcbkuUqPMh-9L15RAO6JJD8BDCZSxcx8nbBWeDOIbzW1,Sale,USD,693.25,PayPal_SDK,Mose Marquardt,6802 Shawn Road,Feilfort,NC,US,83844,Visa,7244,7,2023,Mose,Marquardt,US,Mose Marquardt,6802 Shawn Road,Feilfort,NC,US,83844,594,117.0,http://schemas.xmlsoap.org/soap/envelope/,urn:ebay:api:PayPalAPI,urn:ebay:apis:eBLBaseComponents,urn:ebay:apis:CoreComponentTypes,urn:ebay:apis:EnhancedDataTypes
sobhagya-facilitator_api1.outlook.com,PDR9FTWWU6FDBNKY,ANGx9fhOMuIxwcbkuUqPMh-9L15RAO6JJD8BDCZSxcx8nbBWeDOIbzW1,Sale,USD,393.66,PayPal_SDK,Barry Wisoky,424 Dariana Plains,Lake Bethelville,TX,US,74805,Visa,4409,6,2022,Barry,Wisoky,US,Barry Wisoky,424 Dariana Plains,Lake Bethelville,TX,US,74805,519,117.0,http://schemas.xmlsoap.org/soap/envelope/,urn:ebay:api:PayPalAPI,urn:ebay:apis:eBLBaseComponents,urn:ebay:apis:CoreComponentTypes,urn:ebay:apis:EnhancedDataTypes
sobhagya-facilitator_api1.outlook.com,PDR9FTWWU6FDBNKY,ANGx9fhOMuIxwcbkuUqPMh-9L15RAO6JJD8BDCZSxcx8nbBWeDOIbzW1,Sale,USD,376.94,PayPal_SDK,Carmella Stamm,40338 Gorczany Knoll,Lake Isadore,KY,US,78698,Visa,4305,7,2021,Carmella,Stamm,US,Carmella Stamm,40338 Gorczany Knoll,Lake Isadore,KY,US,78698,567,117.0,http://schemas.xmlsoap.org/soap/envelope/,urn:ebay:api:PayPalAPI,urn:ebay:apis:eBLBaseComponents,urn:ebay:apis:CoreComponentTypes,urn:ebay:apis:EnhancedDataTypes
sobhagya-facilitator_api1.outlook.com,PDR9FTWWU6FDBNKY,ANGx9fhOMuIxwcbkuUqPMh-9L15RAO6JJD8BDCZSxcx8nbBWeDOIbzW1,Sale,USD,598.54,PayPal_SDK,Melody Marks,80830 Johnson Mountains,North Daphneview,OR,US,50516,Visa,3239,4,2020,Melody,Marks,US,Melody Marks,80830 Johnson Mountains,North Daphneview,OR,US,50516,796,117.0,http://schemas.xmlsoap.org/soap/envelope/,urn:ebay:api:PayPalAPI,urn:ebay:apis:eBLBaseComponents,urn:ebay:apis:CoreComponentTypes,urn:ebay:apis:EnhancedDataTypes
sobhagya-facilitator_api1.outlook.com,PDR9FTWWU6FDBNKY,ANGx9fhOMuIxwcbkuUqPMh-9L15RAO6JJD8BDCZSxcx8nbBWeDOIbzW1,Sale,USD,923.62,PayPal_SDK,Jarret Jerde,40208 Schowalter Glens,Grahamhaven,WA,US,60771,Visa,1522,4,2018,Jarret,Jerde,US,Jarret Jerde,40208 Schowalter Glens,Grahamhaven,WA,US,60771,269,117.0,http://schemas.xmlsoap.org/soap/envelope/,urn:ebay:api:PayPalAPI,urn:ebay:apis:eBLBaseComponents,urn:ebay:apis:CoreComponentTypes,urn:ebay:apis:EnhancedDataTypes
sobhagya-facilitator_api1.outlook.com,PDR9FTWWU6FDBNKY,ANGx9fhOMuIxwcbkuUqPMh-9L15RAO6JJD8BDCZSxcx8nbBWeDOIbzW1,Sale,USD,320.77,PayPal_SDK,Veronica Douglas,7258 Hoppe Pike,Wernershire,KS,US,25697,Visa,7527,8,2021,Veronica,Douglas,US,Veronica Douglas,7258 Hoppe Pike,Wernershire,KS,US,25697,664,117.0,http://schemas.xmlsoap.org/soap/envelope/,urn:ebay:api:PayPalAPI,urn:ebay:apis:eBLBaseComponents,urn:ebay:apis:CoreComponentTypes,urn:ebay:apis:EnhancedDataTypes
sobhagya-facilitator_api1.outlook.com,PDR9FTWWU6FDBNKY,ANGx9fhOMuIxwcbkuUqPMh-9L15RAO6JJD8BDCZSxcx8nbBWeDOIbzW1,Sale,USD,30.59,PayPal_SDK,Alexandria Roberts,664 Bradley Path,West Dorthy,NH,US,16193,Visa,2329,3,2019,Alexandria,Roberts,US,Alexandria Roberts,664 Bradley Path,West Dorthy,NH,US,16193,293,117.0,http://schemas.xmlsoap.org/soap/envelope/,urn:ebay:api:PayPalAPI,urn:ebay:apis:eBLBaseComponents,urn:ebay:apis:CoreComponentTypes,urn:ebay:apis:EnhancedDataTypes
sobhagya-facilitator_api1.outlook.com,PDR9FTWWU6FDBNKY,ANGx9fhOMuIxwcbkuUqPMh-9L15RAO6JJD8BDCZSxcx8nbBWeDOIbzW1,Sale,USD,510.79,PayPal_SDK,Cristian White,094 Lelah Pass,Medhurstton,WA,US,61291,Visa,9965,3,2020,Cristian,White,US,Cristian White,094 Lelah Pass,Medhurstton,WA,US,61291,551,117.0,http://schemas.xmlsoap.org/soap/envelope/,urn:ebay:api:PayPalAPI,urn:ebay:apis:eBLBaseComponents,urn:ebay:apis:CoreComponentTypes,urn:ebay:apis:EnhancedDataTypes
sobhagya-facilitator_api1.outlook.com,PDR9FTWWU6FDBNKY,ANGx9fhOMuIxwcbkuUqPMh-9L15RAO6JJD8BDCZSxcx8nbBWeDOIbzW1,Sale,USD,640.6,PayPal_SDK,Ethyl Hagenes,3232 Von Inlet,Joshuahfurt,ND,US,72287,Visa,7258,6,2019,Ethyl,Hagenes,US,Ethyl Hagenes,3232 Von Inlet,Joshuahfurt,ND,US,72287,584,117.0,http://schemas.xmlsoap.org/soap/envelope/,urn:ebay:api:PayPalAPI,urn:ebay:apis:eBLBaseComponents,urn:ebay:apis:CoreComponentTypes,urn:ebay:apis:EnhancedDataTypes
sobhagya-facilitator_api1.outlook.com,PDR9FTWWU6FDBNKY,ANGx9fhOMuIxwcbkuUqPMh-9L15RAO6JJD8BDCZSxcx8nbBWeDOIbzW1,Sale,USD,65.11,PayPal_SDK,Giovanni Romaguera,383 Reilly Row,North Darian,FL,US,33473,Visa,1838,1,2018,Giovanni,Romaguera,US,Giovanni Romaguera,383 Reilly Row,North Darian,FL,US,33473,980,117.0,http://schemas.xmlsoap.org/soap/envelope/,urn:ebay:api:PayPalAPI,urn:ebay:apis:eBLBaseComponents,urn:ebay:apis:CoreComponentTypes,urn:ebay:apis:EnhancedDataTypes
sobhagya-facilitator_api1.outlook.com,PDR9FTWWU6FDBNKY,ANGx9fhOMuIxwcbkuUqPMh-9L15RAO6JJD8BDCZSxcx8nbBWeDOIbzW1,Sale,USD,939.15,PayPal_SDK,Riley Fisher,90921 Glen Highway,New Forrestborough,ME,US,82634,Visa,5632,5,2020,Riley,Fisher,US,Riley Fisher,90921 Glen Highway,New Forrestborough,ME,US,82634,593,117.0,http://schemas.xmlsoap.org/soap/envelope/,urn:ebay:api:PayPalAPI,urn:ebay:apis:eBLBaseComponents,urn:ebay:apis:CoreComponentTypes,urn:ebay:apis:EnhancedDataTypes
sobhagya-facilitator_api1.outlook.com,PDR9FTWWU6FDBNKY,ANGx9fhOMuIxwcbkuUqPMh-9L15RAO6JJD8BDCZSxcx8nbBWeDOIbzW1,Sale,USD,860.38,PayPal_SDK,Wilfred Windler,540 Cormier Junctions,North Paytonville,AR,US,47606,Visa,7386,8,2020,Wilfred,Windler,US,Wilfred Windler,540 Cormier Junctions,North Paytonville,AR,US,47606,337,117.0,http://schemas.xmlsoap.org/soap/envelope/,urn:ebay:api:PayPalAPI,urn:ebay:apis:eBLBaseComponents,urn:ebay:apis:CoreComponentTypes,urn:ebay:apis:EnhancedDataTypes
sobhagya-facilitator_api1.outlook.com,PDR9FTWWU6FDBNKY,ANGx9fhOMuIxwcbkuUqPMh-9L15RAO6JJD8BDCZSxcx8nbBWeDOIbzW1,Sale,USD,277.73,PayPal_SDK,Brenna Braun,0917 Balistreri Roads,South Caesar,IA,US,98458,Visa,2648,1,2018,Brenna,Braun,US,Brenna Braun,0917 Balistreri Roads,South Caesar,IA,US,98458,997,117.0,http://schemas.xmlsoap.org/soap/envelope/,urn:ebay:api:PayPalAPI,urn:ebay:apis:eBLBaseComponents,urn:ebay:apis:CoreComponentTypes,urn:ebay:apis:EnhancedDataTypes
sobhagya-facilitator_api1.outlook.com,PDR9FTWWU6FDBNKY,ANGx9fhOMuIxwcbkuUqPMh-9L15RAO6JJD8BDCZSxcx8nbBWeDOIbzW1,Sale,USD,658.31,PayPal_SDK,Willow Williamson,3009 Quinn Canyon,Jonesshire,CO,US,31567,Visa,2190,11,2019,Willow,Williamson,US,Willow Williamson,3009 Quinn Canyon,Jonesshire,CO,US,31567,490,117.0,http://schemas.xmlsoap.org/soap/envelope/,urn:ebay:api:PayPalAPI,urn:ebay:apis:eBLBaseComponents,urn:ebay:apis:CoreComponentTypes,urn:ebay:apis:EnhancedDataTypes
sobhagya-facilitator_api1.outlook.com,PDR9FTWWU6FDBNKY,ANGx9fhOMuIxwcbkuUqPMh-9L15RAO6JJD8BDCZSxcx8nbBWeDOIbzW1,Sale,USD,816.13,PayPal_SDK,Marlin Hyatt,1711 Angelina Neck,Lindhaven,KY,US,13628,Visa,6883,8,2023,Marlin,Hyatt,US,Marlin Hyatt,1711 Angelina Neck,Lindhaven,KY,US,13628,115,117.0,http://schemas.xmlsoap.org/soap/envelope/,urn:ebay:api:PayPalAPI,urn:ebay:apis:eBLBaseComponents,urn:ebay:apis:CoreComponentTypes,urn:ebay:apis:EnhancedDataTypes
sobhagya-facilitator_api1.outlook.com,PDR9FTWWU6FDBNKY,ANGx9fhOMuIxwcbkuUqPMh-9L15RAO6JJD8BDCZSxcx8nbBWeDOIbzW1,Sale,USD,183.86,PayPal_SDK,Gonzalo Feil,550 Armani Springs,Brainton,LA,US,58131,Visa,9033,7,2018,Gonzalo,Feil,US,Gonzalo Feil,550 Armani Springs,Brainton,LA,US,58131,291,117.0,http://schemas.xmlsoap.org/soap/envelope/,urn:ebay:api:PayPalAPI,urn:ebay:apis:eBLBaseComponents,urn:ebay:apis:CoreComponentTypes,urn:ebay:apis:EnhancedDataTypes
sobhagya-facilitator_api1.outlook.com,PDR9FTWWU6FDBNKY,ANGx9fhOMuIxwcbkuUqPMh-9L15RAO6JJD8BDCZSxcx8nbBWeDOIbzW1,Sale,USD,184.46,PayPal_SDK,Arielle Ebert,7159 Bode Glens,Brockshire,ID,US,46864,Visa,4891,12,2023,Arielle,Ebert,US,Arielle Ebert,7159 Bode Glens,Brockshire,ID,US,46864,574,117.0,http://schemas.xmlsoap.org/soap/envelope/,urn:ebay:api:PayPalAPI,urn:ebay:apis:eBLBaseComponents,urn:ebay:apis:CoreComponentTypes,urn:ebay:apis:EnhancedDataTypes
sobhagya-facilitator_api1.outlook.com,PDR9FTWWU6FDBNKY,ANGx9fhOMuIxwcbkuUqPMh-9L15RAO6JJD8BDCZSxcx8nbBWeDOIbzW1,Sale,USD,940.66,PayPal_SDK,Leon Reinger,22058 Rahsaan Island,West Vedaside,CA,US,11448,Visa,7698,5,2023,Leon,Reinger,US,Leon Reinger,22058 Rahsaan Island,West Vedaside,CA,US,11448,541,117.0,http://schemas.xmlsoap.org/soap/envelope/,urn:ebay:api:PayPalAPI,urn:ebay:apis:eBLBaseComponents,urn:ebay:apis:CoreComponentTypes,urn:ebay:apis:EnhancedDataTypes
sobhagya-facilitator_api1.outlook.com,PDR9FTWWU6FDBNKY,ANGx9fhOMuIxwcbkuUqPMh-9L15RAO6JJD8BDCZSxcx8nbBWeDOIbzW1,Sale,USD,544.14,PayPal_SDK,Raoul Kihn,175 Feeney Harbor,Flossieshire,MA,US,14870,Visa,6220,9,2023,Raoul,Kihn,US,Raoul Kihn,175 Feeney Harbor,Flossieshire,MA,US,14870,858,117.0,http://schemas.xmlsoap.org/soap/envelope/,urn:ebay:api:PayPalAPI,urn:ebay:apis:eBLBaseComponents,urn:ebay:apis:CoreComponentTypes,urn:ebay:apis:EnhancedDataTypes
sobhagya-facilitator_api1.outlook.com,PDR9FTWWU6FDBNKY,ANGx9fhOMuIxwcbkuUqPMh-9L15RAO6JJD8BDCZSxcx8nbBWeDOIbzW1,Sale,USD,719.66,PayPal_SDK,Juana Bartoletti,80174 Tyson Mountain,Lake Brentland,MA,US,21473,Visa,6529,9,2020,Juana,Bartoletti,US,Juana Bartoletti,80174 Tyson Mountain,Lake Brentland,MA,US,21473,977,117.0,http://schemas.xmlsoap.org/soap/envelope/,urn:ebay:api:PayPalAPI,urn:ebay:apis:eBLBaseComponents,urn:ebay:apis:CoreComponentTypes,urn:ebay:apis:EnhancedDataTypes
sobhagya-facilitator_api1.outlook.com,PDR9FTWWU6FDBNKY,ANGx9fhOMuIxwcbkuUqPMh-9L15RAO6JJD8BDCZSxcx8nbBWeDOIbzW1,Sale,USD,385.51,PayPal_SDK,Wendy Upton,4150 Karley Inlet,Port Lorenzchester,KY,US,27857,Visa,4958,9,2023,Wendy,Upton,US,Wendy Upton,4150 Karley Inlet,Port Lorenzchester,KY,US,27857,360,117.0,http://schemas.xmlsoap.org/soap/envelope/,urn:ebay:api:PayPalAPI,urn:ebay:apis:eBLBaseComponents,urn:ebay:apis:CoreComponentTypes,urn:ebay:apis:EnhancedDataTypes
sobhagya-facilitator_api1.outlook.com,PDR9FTWWU6FDBNKY,ANGx9fhOMuIxwcbkuUqPMh-9L15RAO6JJD8BDCZSxcx8nbBWeDOIbzW1,Sale,USD,57.8,PayPal_SDK,Morton Fadel,4371 Powlowski Falls,Ondrickaville,NC,US,69255,Visa,8040,11,2018,Morton,Fadel,US,Morton Fadel,4371 Powlowski Falls,Ondrickaville,NC,US,69255,275,117.0,http://schemas.xmlsoap.org/soap/envelope/,urn:ebay:api:PayPalAPI,urn:ebay:apis:eBLBaseComponents,urn:ebay:apis:CoreComponentTypes,urn:ebay:apis:EnhancedDataTypes
sobhagya-facilitator_api1.outlook.com,PDR9FTWWU6FDBNKY,ANGx9fhOMuIxwcbkuUqPMh-9L15RAO6JJD8BDCZSxcx8nbBWeDOIbzW1,Sale,USD,194.76,PayPal_SDK,Valentine Langosh,36739 Amanda Port,Port Larissa,MS,US,87022,Visa,5981,1,2021,Valentine,Langosh,US,Valentine Langosh,36739 Amanda Port,Port Larissa,MS,US,87022,408,117.0,http://schemas.xmlsoap.org/soap/envelope/,urn:ebay:api:PayPalAPI,urn:ebay:apis:eBLBaseComponents,urn:ebay:apis:CoreComponentTypes,urn:ebay:apis:EnhancedDataTypes
sobhagya-facilitator_api1.outlook.com,PDR9FTWWU6FDBNKY,ANGx9fhOMuIxwcbkuUqPMh-9L15RAO6JJD8BDCZSxcx8nbBWeDOIbzW1,Sale,USD,877.88,PayPal_SDK,Frieda Keeling,17351 Will Plains,South Dereckside,MI,US,06234,Visa,2306,10,2019,Frieda,Keeling,US,Frieda Keeling,17351 Will Plains,South Dereckside,MI,US,06234,300,117.0,http://schemas.xmlsoap.org/soap/envelope/,urn:ebay:api:PayPalAPI,urn:ebay:apis:eBLBaseComponents,urn:ebay:apis:CoreComponentTypes,urn:ebay:apis:EnhancedDataTypes
sobhagya-facilitator_api1.outlook.com,PDR9FTWWU6FDBNKY,ANGx9fhOMuIxwcbkuUqPMh-9L15RAO6JJD8BDCZSxcx8nbBWeDOIbzW1,Sale,USD,171.86,PayPal_SDK,Amber Baumbach,93939 Annamae Curve,New Trevion,TN,US,26045,Visa,7221,12,2023,Amber,Baumbach,US,Amber Baumbach,93939 Annamae Curve,New Trevion,TN,US,26045,974,117.0,http://schemas.xmlsoap.org/soap/envelope/,urn:ebay:api:PayPalAPI,urn:ebay:apis:eBLBaseComponents,urn:ebay:apis:CoreComponentTypes,urn:ebay:apis:EnhancedDataTypes
sobhagya-facilitator_api1.outlook.com,PDR9FTWWU6FDBNKY,ANGx9fhOMuIxwcbkuUqPMh-9L15RAO6JJD8BDCZSxcx8nbBWeDOIbzW1,Sale,USD,202.08,PayPal_SDK,Kevon Gutkowski,087 Aaliyah Tunnel,West Aurelieland,SD,US,98524,Visa,5740,7,2018,Kevon,Gutkowski,US,Kevon Gutkowski,087 Aaliyah Tunnel,West Aurelieland,SD,US,98524,678,117.0,http://schemas.xmlsoap.org/soap/envelope/,urn:ebay:api:PayPalAPI,urn:ebay:apis:eBLBaseComponents,urn:ebay:apis:CoreComponentTypes,urn:ebay:apis:EnhancedDataTypes
sobhagya-facilitator_api1.outlook.com,PDR9FTWWU6FDBNKY,ANGx9fhOMuIxwcbkuUqPMh-9L15RAO6JJD8BDCZSxcx8nbBWeDOIbzW1,Sale,USD,168.02,PayPal_SDK,Geovanny Sauer,052 Bauch Bridge,East Jany,WI,US,22973,Visa,9501,9,2022,Geovanny,Sauer,US,Geovanny Sauer,052 Bauch Bridge,East Jany,WI,US,22973,361,117.0,http://schemas.xmlsoap.org/soap/envelope/,urn:ebay:api:PayPalAPI,urn:ebay:apis:eBLBaseComponents,urn:ebay:apis:CoreComponentTypes,urn:ebay:apis:EnhancedDataTypes
sobhagya-facilitator_api1.outlook.com,PDR9FTWWU6FDBNKY,ANGx9fhOMuIxwcbkuUqPMh-9L15RAO6JJD8BDCZSxcx8nbBWeDOIbzW1,Sale,USD,382.5,PayPal_SDK,Brooklyn Witting,388 Whitney Keys,Port Alan,GA,US,38995,Visa,1262,10,2019,Brooklyn,Witting,US,Brooklyn Witting,388 Whitney Keys,Port Alan,GA,US,38995,390,117.0,http://schemas.xmlsoap.org/soap/envelope/,urn:ebay:api:PayPalAPI,urn:ebay:apis:eBLBaseComponents,urn:ebay:apis:CoreComponentTypes,urn:ebay:apis:EnhancedDataTypes
sobhagya-facilitator_api1.outlook.com,PDR9FTWWU6FDBNKY,ANGx9fhOMuIxwcbkuUqPMh-9L15RAO6JJD8BDCZSxcx8nbBWeDOIbzW1,Sale,USD,705.69,PayPal_SDK,Branson Kemmer,12124 Matilda Alley,Lake Mortimer,TN,US,98912,Visa,1960,2,2021,Branson,Kemmer,US,Branson Kemmer,12124 Matilda Alley,Lake Mortimer,TN,US,98912,902,117.0,http://schemas.xmlsoap.org/soap/envelope/,urn:ebay:api:PayPalAPI,urn:ebay:apis:eBLBaseComponents,urn:ebay:apis:CoreComponentTypes,urn:ebay:apis:EnhancedDataTypes
sobhagya-facilitator_api1.outlook.com,PDR9FTWWU6FDBNKY,ANGx9fhOMuIxwcbkuUqPMh-9L15RAO6JJD8BDCZSxcx8nbBWeDOIbzW1,Sale,USD,535.04,PayPal_SDK,Marlon Effertz,10066 Romaguera Stravenue,North Jimmymouth,CA,US,84107,Visa,4880,10,2018,Marlon,Effertz,US,Marlon Effertz,10066 Romaguera Stravenue,North Jimmymouth,CA,US,84107,217,117.0,http://schemas.xmlsoap.org/soap/envelope/,urn:ebay:api:PayPalAPI,urn:ebay:apis:eBLBaseComponents,urn:ebay:apis:CoreComponentTypes,urn:ebay:apis:EnhancedDataTypes
sobhagya-facilitator_api1.outlook.com,PDR9FTWWU6FDBNKY,ANGx9fhOMuIxwcbkuUqPMh-9L15RAO6JJD8BDCZSxcx8nbBWeDOIbzW1,Sale,USD,685.14,PayPal_SDK,Cecilia Mitchell,967 Jovani Valley,East Carmine,GA,US,87673,Visa,8590,5,2019,Cecilia,Mitchell,US,Cecilia Mitchell,967 Jovani Valley,East Carmine,GA,US,87673,116,117.0,http://schemas.xmlsoap.org/soap/envelope/,urn:ebay:api:PayPalAPI,urn:ebay:apis:eBLBaseComponents,urn:ebay:apis:CoreComponentTypes,urn:ebay:apis:EnhancedDataTypes
sobhagya-facilitator_api1.outlook.com,PDR9FTWWU6FDBNKY,ANGx9fhOMuIxwcbkuUqPMh-9L15RAO6JJD8BDCZSxcx8nbBWeDOIbzW1,Sale,USD,565.2,PayPal_SDK,Rosemary Monahan,8317 Pagac Mountain,Port Zachary,WI,US,99262,Visa,2124,2,2023,Rosemary,Monahan,US,Rosemary Monahan,8317 Pagac Mountain,Port Zachary,WI,US,99262,985,117.0,http://schemas.xmlsoap.org/soap/envelope/,urn:ebay:api:PayPalAPI,urn:ebay:apis:eBLBaseComponents,urn:ebay:apis:CoreComponentTypes,urn:ebay:apis:EnhancedDataTypes
sobhagya-facilitator_api1.outlook.com,PDR9FTWWU6FDBNKY,ANGx9fhOMuIxwcbkuUqPMh-9L15RAO6JJD8BDCZSxcx8nbBWeDOIbzW1,Sale,USD,781.02,PayPal_SDK,Felicita Feest,45746 King Circles,New Glennieport,NC,US,03131,Visa,8527,4,2021,Felicita,Feest,US,Felicita Feest,45746 King Circles,New Glennieport,NC,US,03131,954,117.0,http://schemas.xmlsoap.org/soap/envelope/,urn:ebay:api:PayPalAPI,urn:ebay:apis:eBLBaseComponents,urn:ebay:apis:CoreComponentTypes,urn:ebay:apis:EnhancedDataTypes
sobhagya-facilitator_api1.outlook.com,PDR9FTWWU6FDBNKY,ANGx9fhOMuIxwcbkuUqPMh-9L15RAO6JJD8BDCZSxcx8nbBWeDOIbzW1,Sale,USD,979.57,PayPal_SDK,Cassandre Fahey,0179 Kreiger Curve,Jamarcuston,OH,US,34184,Visa,7981,6,2023,Cassandre,Fahey,US,Cassandre Fahey,0179 Kreiger Curve,Jamarcuston,OH,US,34184,778,117.0,http://schemas.xmlsoap.org/soap/envelope/,urn:ebay:api:PayPalAPI,urn:ebay:apis:eBLBaseComponents,urn:ebay:apis:CoreComponentTypes,urn:ebay:apis:EnhancedDataTypes
sobhagya-facilitator_api1.outlook.com,PDR9FTWWU6FDBNKY,ANGx9fhOMuIxwcbkuUqPMh-9L15RAO6JJD8BDCZSxcx8nbBWeDOIbzW1,Sale,USD,630.8,PayPal_SDK,Alexandre Corwin,8198 Pollich Drive,Blockmouth,SC,US,80861,Visa,2773,6,2021,Alexandre,Corwin,US,Alexandre Corwin,8198 Pollich Drive,Blockmouth,SC,US,80861,881,117.0,http://schemas.xmlsoap.org/soap/envelope/,urn:ebay:api:PayPalAPI,urn:ebay:apis:eBLBaseComponents,urn:ebay:apis:CoreComponentTypes,urn:ebay:apis:EnhancedDataTypes
sobhagya-facilitator_api1.outlook.com,PDR9FTWWU6FDBNKY,ANGx9fhOMuIxwcbkuUqPMh-9L15RAO6JJD8BDCZSxcx8nbBWeDOIbzW1,Sale,USD,722.83,PayPal_SDK,Augusta Nolan,4509 Art Oval,Lake Hortense,PA,US,72036,Visa,5354,3,2022,Augusta,Nolan,US,Augusta Nolan,4509 Art Oval,Lake Hortense,PA,US,72036,593,117.0,http://schemas.xmlsoap.org/soap/envelope/,urn:ebay:api:PayPalAPI,urn:ebay:apis:eBLBaseComponents,urn:ebay:apis:CoreComponentTypes,urn:ebay:apis:EnhancedDataTypes
sobhagya-facilitator_api1.outlook.com,PDR9FTWWU6FDBNKY,ANGx9fhOMuIxwcbkuUqPMh-9L15RAO6JJD8BDCZSxcx8nbBWeDOIbzW1,Sale,USD,39.41,PayPal_SDK,Ocie Auer,439 Lenna Overpass,East Lester,IL,US,45723,Visa,6911,9,2023,Ocie,Auer,US,Ocie Auer,439 Lenna Overpass,East Lester,IL,US,45723,323,117.0,http://schemas.xmlsoap.org/soap/envelope/,urn:ebay:api:PayPalAPI,urn:ebay:apis:eBLBaseComponents,urn:ebay:apis:CoreComponentTypes,urn:ebay:apis:EnhancedDataTypes
sobhagya-facilitator_api1.outlook.com,PDR9FTWWU6FDBNKY,ANGx9fhOMuIxwcbkuUqPMh-9L15RAO6JJD8BDCZSxcx8nbBWeDOIbzW1,Sale,USD,161.31,PayPal_SDK,Zoe Feest,593 Florian Throughway,New Ignatiusport,MS,US,05668,Visa,9474,12,2021,Zoe,Feest,US,Zoe Feest,593 Florian Throughway,New Ignatiusport,MS,US,05668,635,117.0,http://schemas.xmlsoap.org/soap/envelope/,urn:ebay:api:PayPalAPI,urn:ebay:apis:eBLBaseComponents,urn:ebay:apis:CoreComponentTypes,urn:ebay:apis:EnhancedDataTypes
sobhagya-facilitator_api1.outlook.com,PDR9FTWWU6FDBNKY,ANGx9fhOMuIxwcbkuUqPMh-9L15RAO6JJD8BDCZSxcx8nbBWeDOIbzW1,Sale,USD,500.4,PayPal_SDK,Jailyn Kozey,94919 Monty Dale,Guidostad,OK,US,16683,Visa,1361,6,2018,Jailyn,Kozey,US,Jailyn Kozey,94919 Monty Dale,Guidostad,OK,US,16683,929,117.0,http://schemas.xmlsoap.org/soap/envelope/,urn:ebay:api:PayPalAPI,urn:ebay:apis:eBLBaseComponents,urn:ebay:apis:CoreComponentTypes,urn:ebay:apis:EnhancedDataTypes
sobhagya-facilitator_api1.outlook.com,PDR9FTWWU6FDBNKY,ANGx9fhOMuIxwcbkuUqPMh-9L15RAO6JJD8BDCZSxcx8nbBWeDOIbzW1,Sale,USD,383.56,PayPal_SDK,Vernice Luettgen,71411 Uriel Shoal,Brayanside,UT,US,97159,Visa,6894,7,2020,Vernice,Luettgen,US,Vernice Luettgen,71411 Uriel Shoal,Brayanside,UT,US,97159,170,117.0,http://schemas.xmlsoap.org/soap/envelope/,urn:ebay:api:PayPalAPI,urn:ebay:apis:eBLBaseComponents,urn:ebay:apis:CoreComponentTypes,urn:ebay:apis:EnhancedDataTypes
sobhagya-facilitator_api1.outlook.com,PDR9FTWWU6FDBNKY,ANGx9fhOMuIxwcbkuUqPMh-9L15RAO6JJD8BDCZSxcx8nbBWeDOIbzW1,Sale,USD,428.85,PayPal_SDK,Adaline Reynolds,546 Nolan Bypass,New Ebbaburgh,NE,US,52547,Visa,7201,7,2018,Adaline,Reynolds,US,Adaline Reynolds,546 Nolan Bypass,New Ebbaburgh,NE,US,52547,984,117.0,http://schemas.xmlsoap.org/soap/envelope/,urn:ebay:api:PayPalAPI,urn:ebay:apis:eBLBaseComponents,urn:ebay:apis:CoreComponentTypes,urn:ebay:apis:EnhancedDataTypes
sobhagya-facilitator_api1.outlook.com,PDR9FTWWU6FDBNKY,ANGx9fhOMuIxwcbkuUqPMh-9L15RAO6JJD8BDCZSxcx8nbBWeDOIbzW1,Sale,USD,418.06,PayPal_SDK,Cristian Beer,6398 Peggie Orchard,Erwinberg,MT,US,38395,Visa,2031,5,2023,Cristian,Beer,US,Cristian Beer,6398 Peggie Orchard,Erwinberg,MT,US,38395,269,117.0,http://schemas.xmlsoap.org/soap/envelope/,urn:ebay:api:PayPalAPI,urn:ebay:apis:eBLBaseComponents,urn:ebay:apis:CoreComponentTypes,urn:ebay:apis:EnhancedDataTypes
sobhagya-facilitator_api1.outlook.com,PDR9FTWWU6FDBNKY,ANGx9fhOMuIxwcbkuUqPMh-9L15RAO6JJD8BDCZSxcx8nbBWeDOIbzW1,Sale,USD,20.48,PayPal_SDK,Dee Wintheiser,24112 Luigi Forks,Lillaberg,NV,US,75564,Visa,9792,7,2019,Dee,Wintheiser,US,Dee Wintheiser,24112 Luigi Forks,Lillaberg,NV,US,75564,285,117.0,http://schemas.xmlsoap.org/soap/envelope/,urn:ebay:api:PayPalAPI,urn:ebay:apis:eBLBaseComponents,urn:ebay:apis:CoreComponentTypes,urn:ebay:apis:EnhancedDataTypes
sobhagya-facilitator_api1.outlook.com,PDR9FTWWU6FDBNKY,ANGx9fhOMuIxwcbkuUqPMh-9L15RAO6JJD8BDCZSxcx8nbBWeDOIbzW1,Sale,USD,384.17,PayPal_SDK,Margie Will,18013 Frankie Mission,Marcoton,FL,US,95108,Visa,8361,1,2021,Margie,Will,US,Margie Will,18013 Frankie Mission,Marcoton,FL,US,95108,489,117.0,http://schemas.xmlsoap.org/soap/envelope/,urn:ebay:api:PayPalAPI,urn:ebay:apis:eBLBaseComponents,urn:ebay:apis:CoreComponentTypes,urn:ebay:apis:EnhancedDataTypes
sobhagya-facilitator_api1.outlook.com,PDR9FTWWU6FDBNKY,ANGx9fhOMuIxwcbkuUqPMh-9L15RAO6JJD8BDCZSxcx8nbBWeDOIbzW1,Sale,USD,849.27,PayPal_SDK,Anjali Haley,7593 Mosciski Cliff,Langworthview,KY,US,66198,Visa,8806,11,2022,Anjali,Haley,US,Anjali Haley,7593 Mosciski Cliff,Langworthview,KY,US,66198,166,117.0,http://schemas.xmlsoap.org/soap/envelope/,urn:ebay:api:PayPalAPI,urn:ebay:apis:eBLBaseComponents,urn:ebay:apis:CoreComponentTypes,urn:ebay:apis:EnhancedDataTypes
sobhagya-facilitator_api1.outlook.com,PDR9FTWWU6FDBNKY,ANGx9fhOMuIxwcbkuUqPMh-9L15RAO6JJD8BDCZSxcx8nbBWeDOIbzW1,Sale,USD,430.35,PayPal_SDK,Gaylord Torphy,7810 Langosh Parkways,West Haleyfurt,MS,US,70406,Visa,8776,11,2022,Gaylord,Torphy,US,Gaylord Torphy,7810 Langosh Parkways,West Haleyfurt,MS,US,70406,180,117.0,http://schemas.xmlsoap.org/soap/envelope/,urn:ebay:api:PayPalAPI,urn:ebay:apis:eBLBaseComponents,urn:ebay:apis:CoreComponentTypes,urn:ebay:apis:EnhancedDataTypes
sobhagya-facilitator_api1.outlook.com,PDR9FTWWU6FDBNKY,ANGx9fhOMuIxwcbkuUqPMh-9L15RAO6JJD8BDCZSxcx8nbBWeDOIbzW1,Sale,USD,40.37,PayPal_SDK,Ada Daniel,309 Nickolas Key,Wayneside,DE,US,99025,Visa,6759,8,2021,Ada,Daniel,US,Ada Daniel,309 Nickolas Key,Wayneside,DE,US,99025,602,117.0,http://schemas.xmlsoap.org/soap/envelope/,urn:ebay:api:PayPalAPI,urn:ebay:apis:eBLBaseComponents,urn:ebay:apis:CoreComponentTypes,urn:ebay:apis:EnhancedDataTypes
sobhagya-facilitator_api1.outlook.com,PDR9FTWWU6FDBNKY,ANGx9fhOMuIxwcbkuUqPMh-9L15RAO6JJD8BDCZSxcx8nbBWeDOIbzW1,Sale,USD,590.9,PayPal_SDK,Monica Brekke,818 Keon Plaza,Lefflerville,MN,US,47631,Visa,4617,3,2023,Monica,Brekke,US,Monica Brekke,818 Keon Plaza,Lefflerville,MN,US,47631,439,117.0,http://schemas.xmlsoap.org/soap/envelope/,urn:ebay:api:PayPalAPI,urn:ebay:apis:eBLBaseComponents,urn:ebay:apis:CoreComponentTypes,urn:ebay:apis:EnhancedDataTypes
sobhagya-facilitator_api1.outlook.com,PDR9FTWWU6FDBNKY,ANGx9fhOMuIxwcbkuUqPMh-9L15RAO6JJD8BDCZSxcx8nbBWeDOIbzW1,Sale,USD,691.19,PayPal_SDK,Tyreek Romaguera,0523 Marguerite Fall,Franeckitown,SD,US,45968,Visa,9562,6,2021,Tyreek,Romaguera,US,Tyreek Romaguera,0523 Marguerite Fall,Franeckitown,SD,US,45968,697,117.0,http://schemas.xmlsoap.org/soap/envelope/,urn:ebay:api:PayPalAPI,urn:ebay:apis:eBLBaseComponents,urn:ebay:apis:CoreComponentTypes,urn:ebay:apis:EnhancedDataTypes
sobhagya-facilitator_api1.outlook.com,PDR9FTWWU6FDBNKY,ANGx9fhOMuIxwcbkuUqPMh-9L15RAO6JJD8BDCZSxcx8nbBWeDOIbzW1,Sale,USD,799.28,PayPal_SDK,Berneice O'Kon,291 Moore Junctions,South Elisafort,MA,US,05604,Visa,4348,9,2019,Berneice,O'Kon,US,Berneice O'Kon,291 Moore Junctions,South Elisafort,MA,US,05604,403,117.0,http://schemas.xmlsoap.org/soap/envelope/,urn:ebay:api:PayPalAPI,urn:ebay:apis:eBLBaseComponents,urn:ebay:apis:CoreComponentTypes,urn:ebay:apis:EnhancedDataTypes
sobhagya-facilitator_api1.outlook.com,PDR9FTWWU6FDBNKY,ANGx9fhOMuIxwcbkuUqPMh-9L15RAO6JJD8BDCZSxcx8nbBWeDOIbzW1,Sale,USD,345.58,PayPal_SDK,Thurman Monahan,80782 Genevieve Flats,Lake Ambrose,CO,US,09253,Visa,2025,5,2022,Thurman,Monahan,US,Thurman Monahan,80782 Genevieve Flats,Lake Ambrose,CO,US,09253,709,117.0,http://schemas.xmlsoap.org/soap/envelope/,urn:ebay:api:PayPalAPI,urn:ebay:apis:eBLBaseComponents,urn:ebay:apis:CoreComponentTypes,urn:ebay:apis:EnhancedDataTypes
sobhagya-facilitator_api1.outlook.com,PDR9FTWWU6FDBNKY,ANGx9fhOMuIxwcbkuUqPMh-9L15RAO6JJD8BDCZSxcx8nbBWeDOIbzW1,Sale,USD,164.44,PayPal_SDK,Luella Cummerata,789 Jailyn Port,Wisokyberg,SD,US,05915,Visa,3895,7,2019,Luella,Cummerata,US,Luella Cummerata,789 Jailyn Port,Wisokyberg,SD,US,05915,239,117.0,http://schemas.xmlsoap.org/soap/envelope/,urn:ebay:api:PayPalAPI,urn:ebay:apis:eBLBaseComponents,urn:ebay:apis:CoreComponentTypes,urn:ebay:apis:EnhancedDataTypes
sobhagya-facilitator_api1.outlook.com,PDR9FTWWU6FDBNKY,ANGx9fhOMuIxwcbkuUqPMh-9L15RAO6JJD8BDCZSxcx8nbBWeDOIbzW1,Sale,USD,345.13,PayPal_SDK,Daryl Rogahn,36247 Maye Alley,Lake Kamryn,KY,US,34505,Visa,4475,8,2018,Daryl,Rogahn,US,Daryl Rogahn,36247 Maye Alley,Lake Kamryn,KY,US,34505,312,117.0,http://schemas.xmlsoap.org/soap/envelope/,urn:ebay:api:PayPalAPI,urn:ebay:apis:eBLBaseComponents,urn:ebay:apis:CoreComponentTypes,urn:ebay:apis:EnhancedDataTypes
sobhagya-facilitator_api1.outlook.com,PDR9FTWWU6FDBNKY,ANGx9fhOMuIxwcbkuUqPMh-9L15RAO6JJD8BDCZSxcx8nbBWeDOIbzW1,Sale,USD,713.1,PayPal_SDK,Michael Hegmann,640 Hilpert Trace,Greenmouth,VT,US,80010,Visa,6728,6,2023,Michael,Hegmann,US,Michael Hegmann,640 Hilpert Trace,Greenmouth,VT,US,80010,255,117.0,http://schemas.xmlsoap.org/soap/envelope/,urn:ebay:api:PayPalAPI,urn:ebay:apis:eBLBaseComponents,urn:ebay:apis:CoreComponentTypes,urn:ebay:apis:EnhancedDataTypes
sobhagya-facilitator_api1.outlook.com,PDR9FTWWU6FDBNKY,ANGx9fhOMuIxwcbkuUqPMh-9L15RAO6JJD8BDCZSxcx8nbBWeDOIbzW1,Sale,USD,131.45,PayPal_SDK,Guadalupe Wilkinson,44378 Troy Path,South Eleanora,NM,US,00322,Visa,6062,8,2018,Guadalupe,Wilkinson,US,Guadalupe Wilkinson,44378 Troy Path,South Eleanora,NM,US,00322,219,117.0,http://schemas.xmlsoap.org/soap/envelope/,urn:ebay:api:PayPalAPI,urn:ebay:apis:eBLBaseComponents,urn:ebay:apis:CoreComponentTypes,urn:ebay:apis:EnhancedDataTypes
sobhagya-facilitator_api1.outlook.com,PDR9FTWWU6FDBNKY,ANGx9fhOMuIxwcbkuUqPMh-9L15RAO6JJD8BDCZSxcx8nbBWeDOIbzW1,Sale,USD,751.48,PayPal_SDK,Joy Aufderhar,6441 Devin Ville,Quitzonbury,HI,US,16328,Visa,5055,6,2022,Joy,Aufderhar,US,Joy Aufderhar,6441 Devin Ville,Quitzonbury,HI,US,16328,294,117.0,http://schemas.xmlsoap.org/soap/envelope/,urn:ebay:api:PayPalAPI,urn:ebay:apis:eBLBaseComponents,urn:ebay:apis:CoreComponentTypes,urn:ebay:apis:EnhancedDataTypes
sobhagya-facilitator_api1.outlook.com,PDR9FTWWU6FDBNKY,ANGx9fhOMuIxwcbkuUqPMh-9L15RAO6JJD8BDCZSxcx8nbBWeDOIbzW1,Sale,USD,97.13,PayPal_SDK,Alberto O'Keefe,1830 Amina Roads,Adolphfort,DE,US,49480,Visa,4164,8,2021,Alberto,O'Keefe,US,Alberto O'Keefe,1830 Amina Roads,Adolphfort,DE,US,49480,468,117.0,http://schemas.xmlsoap.org/soap/envelope/,urn:ebay:api:PayPalAPI,urn:ebay:apis:eBLBaseComponents,urn:ebay:apis:CoreComponentTypes,urn:ebay:apis:EnhancedDataTypes
sobhagya-facilitator_api1.outlook.com,PDR9FTWWU6FDBNKY,ANGx9fhOMuIxwcbkuUqPMh-9L15RAO6JJD8BDCZSxcx8nbBWeDOIbzW1,Sale,USD,237.92,PayPal_SDK,Bella Durgan,75634 Kirlin Fields,East Ashtonfurt,UT,US,61264,Visa,7706,8,2020,Bella,Durgan,US,Bella Durgan,75634 Kirlin Fields,East Ashtonfurt,UT,US,61264,623,117.0,http://schemas.xmlsoap.org/soap/envelope/,urn:ebay:api:PayPalAPI,urn:ebay:apis:eBLBaseComponents,urn:ebay:apis:CoreComponentTypes,urn:ebay:apis:EnhancedDataTypes
sobhagya-facilitator_api1.outlook.com,PDR9FTWWU6FDBNKY,ANGx9fhOMuIxwcbkuUqPMh-9L15RAO6JJD8BDCZSxcx8nbBWeDOIbzW1,Sale,USD,782.65,PayPal_SDK,Tania Rau,924 Williamson Prairie,South Payton,NH,US,20186,Visa,2352,3,2019,Tania,Rau,US,Tania Rau,924 Williamson Prairie,South Payton,NH,US,20186,489,117.0,http://schemas.xmlsoap.org/soap/envelope/,urn:ebay:api:PayPalAPI,urn:ebay:apis:eBLBaseComponents,urn:ebay:apis:CoreComponentTypes,urn:ebay:apis:EnhancedDataTypes
sobhagya-facilitator_api1.outlook.com,PDR9FTWWU6FDBNKY,ANGx9fhOMuIxwcbkuUqPMh-9L15RAO6JJD8BDCZSxcx8nbBWeDOIbzW1,Sale,USD,513.56,PayPal_SDK,Viva Feest,605 Vandervort Radial,New Lelaborough,WA,US,89884,Visa,1969,10,2018,Viva,Feest,US,Viva Feest,605 Vandervort Radial,New Lelaborough,WA,US,89884,924,117.0,http://schemas.xmlsoap.org/soap/envelope/,urn:ebay:api:PayPalAPI,urn:ebay:apis:eBLBaseComponents,urn:ebay:apis:CoreComponentTypes,urn:ebay:apis:EnhancedDataTypes
sobhagya-facilitator_api1.outlook.com,PDR9FTWWU6FDBNKY,ANGx9fhOMuIxwcbkuUqPMh-9L15RAO6JJD8BDCZSxcx8nbBWeDOIbzW1,Sale,USD,861.58,PayPal_SDK,Baylee Stokes,44800 Garret Cove,Cassandraberg,OK,US,71976,Visa,7789,6,2020,Baylee,Stokes,US,Baylee Stokes,44800 Garret Cove,Cassandraberg,OK,US,71976,858,117.0,http://schemas.xmlsoap.org/soap/envelope/,urn:ebay:api:PayPalAPI,urn:ebay:apis:eBLBaseComponents,urn:ebay:apis:CoreComponentTypes,urn:ebay:apis:EnhancedDataTypes
sobhagya-facilitator_api1.outlook.com,PDR9FTWWU6FDBNKY,ANGx9fhOMuIxwcbkuUqPMh-9L15RAO6JJD8BDCZSxcx8nbBWeDOIbzW1,Sale,USD,336.62,PayPal_SDK,Marco Lind,558 Hyman Ports,Estrellafort,NH,US,34729,Visa,1454,7,2023,Marco,Lind,US,Marco Lind,558 Hyman Ports,Estrellafort,NH,US,34729,997,117.0,http://schemas.xmlsoap.org/soap/envelope/,urn:ebay:api:PayPalAPI,urn:ebay:apis:eBLBaseComponents,urn:ebay:apis:CoreComponentTypes,urn:ebay:apis:EnhancedDataTypes
sobhagya-facilitator_api1.outlook.com,PDR9FTWWU6FDBNKY,ANGx9fhOMuIxwcbkuUqPMh-9L15RAO6JJD8BDCZSxcx8nbBWeDOIbzW1,Sale,USD,625.61,PayPal_SDK,Letha Adams,443 Ralph Walk,West Jimmy,MD,US,71034,Visa,2185,10,2023,Letha,Adams,US,Letha Adams,443 Ralph Walk,West Jimmy,MD,US,71034,292,117.0,http://schemas.xmlsoap.org/soap/envelope/,urn:ebay:api:PayPalAPI,urn:ebay:apis:eBLBaseComponents,urn:ebay:apis:CoreComponentTypes,urn:ebay:apis:EnhancedDataTypes
sobhagya-facilitator_api1.outlook.com,PDR9FTWWU6FDBNKY,ANGx9fhOMuIxwcbkuUqPMh-9L15RAO6JJD8BDCZSxcx8nbBWeDOIbzW1,Sale,USD,884.77,PayPal_SDK,Janelle Streich,043 Collier Harbors,Johnathonhaven,OR,US,74145,Visa,5936,2,2022,Janelle,Streich,US,Janelle Streich,043 Collier Harbors,Johnathonhaven,OR,US,74145,554,117.0,http://schemas.xmlsoap.org/soap/envelope/,urn:ebay:api:PayPalAPI,urn:ebay:apis:eBLBaseComponents,urn:ebay:apis:CoreComponentTypes,urn:ebay:apis:EnhancedDataTypes
sobhagya-facilitator_api1.outlook.com,PDR9FTWWU6FDBNKY,ANGx9fhOMuIxwcbkuUqPMh-9L15RAO6JJD8BDCZSxcx8nbBWeDOIbzW1,Sale,USD,543.44,PayPal_SDK,Wilfredo Kreiger,2276 Friesen Mill,North Gregoria,GA,US,61982,Visa,1922,4,2023,Wilfredo,Kreiger,US,Wilfredo Kreiger,2276 Friesen Mill,North Gregoria,GA,US,61982,211,117.0,http://schemas.xmlsoap.org/soap/envelope/,urn:ebay:api:PayPalAPI,urn:ebay:apis:eBLBaseComponents,urn:ebay:apis:CoreComponentTypes,urn:ebay:apis:EnhancedDataTypes
sobhagya-facilitator_api1.outlook.com,PDR9FTWWU6FDBNKY,ANGx9fhOMuIxwcbkuUqPMh-9L15RAO6JJD8BDCZSxcx8nbBWeDOIbzW1,Sale,USD,730.11,PayPal_SDK,Alessia Skiles,0405 Auer Walks,Jazmynview,TX,US,27820,Visa,8840,9,2018,Alessia,Skiles,US,Alessia Skiles,0405 Auer Walks,Jazmynview,TX,US,27820,720,117.0,http://schemas.xmlsoap.org/soap/envelope/,urn:ebay:api:PayPalAPI,urn:ebay:apis:eBLBaseComponents,urn:ebay:apis:CoreComponentTypes,urn:ebay:apis:EnhancedDataTypes
sobhagya-facilitator_api1.outlook.com,PDR9FTWWU6FDBNKY,ANGx9fhOMuIxwcbkuUqPMh-9L15RAO6JJD8BDCZSxcx8nbBWeDOIbzW1,Sale,USD,680.14,PayPal_SDK,Shaina Cummings,6640 Leffler Hill,Olsonfurt,DE,US,30133,Visa,1239,8,2022,Shaina,Cummings,US,Shaina Cummings,6640 Leffler Hill,Olsonfurt,DE,US,30133,123,117.0,http://schemas.xmlsoap.org/soap/envelope/,urn:ebay:api:PayPalAPI,urn:ebay:apis:eBLBaseComponents,urn:ebay:apis:CoreComponentTypes,urn:ebay:apis:EnhancedDataTypes
sobhagya-facilitator_api1.outlook.com,PDR9FTWWU6FDBNKY,ANGx9fhOMuIxwcbkuUqPMh-9L15RAO6JJD8BDCZSxcx8nbBWeDOIbzW1,Sale,USD,284.28,PayPal_SDK,Kayla Shields,294 Heller Fall,Daphneefurt,TX,US,37586,Visa,2316,3,2022,Kayla,Shields,US,Kayla Shields,294 Heller Fall,Daphneefurt,TX,US,37586,420,117.0,http://schemas.xmlsoap.org/soap/envelope/,urn:ebay:api:PayPalAPI,urn:ebay:apis:eBLBaseComponents,urn:ebay:apis:CoreComponentTypes,urn:ebay:apis:EnhancedDataTypes
sobhagya-facilitator_api1.outlook.com,PDR9FTWWU6FDBNKY,ANGx9fhOMuIxwcbkuUqPMh-9L15RAO6JJD8BDCZSxcx8nbBWeDOIbzW1,Sale,USD,162.73,PayPal_SDK,Aniyah Zieme,899 Ryan Station,Walkertown,ME,US,85613,Visa,8418,11,2019,Aniyah,Zieme,US,Aniyah Zieme,899 Ryan Station,Walkertown,ME,US,85613,589,117.0,http://schemas.xmlsoap.org/soap/envelope/,urn:ebay:api:PayPalAPI,urn:ebay:apis:eBLBaseComponents,urn:ebay:apis:CoreComponentTypes,urn:ebay:apis:EnhancedDataTypes
sobhagya-facilitator_api1.outlook.com,PDR9FTWWU6FDBNKY,ANGx9fhOMuIxwcbkuUqPMh-9L15RAO6JJD8BDCZSxcx8nbBWeDOIbzW1,Sale,USD,693.42,PayPal_SDK,Imani Hammes,00252 Turner Ferry,Bayerton,VT,US,65088,Visa,6417,3,2023,Imani,Hammes,US,Imani Hammes,00252 Turner Ferry,Bayerton,VT,US,65088,136,117.0,http://schemas.xmlsoap.org/soap/envelope/,urn:ebay:api:PayPalAPI,urn:ebay:apis:eBLBaseComponents,urn:ebay:apis:CoreComponentTypes,urn:ebay:apis:EnhancedDataTypes
sobhagya-facilitator_api1.outlook.com,PDR9FTWWU6FDBNKY,ANGx9fhOMuIxwcbkuUqPMh-9L15RAO6JJD8BDCZSxcx8nbBWeDOIbzW1,Sale,USD,648.16,PayPal_SDK,Fabiola Kerluke,5479 Towne Rapids,Jedmouth,NE,US,78101,Visa,5476,11,2019,Fabiola,Kerluke,US,Fabiola Kerluke,5479 Towne Rapids,Jedmouth,NE,US,78101,326,117.0,http://schemas.xmlsoap.org/soap/envelope/,urn:ebay:api:PayPalAPI,urn:ebay:apis:eBLBaseComponents,urn:ebay:apis:CoreComponentTypes,urn:ebay:apis:EnhancedDataTypes
sobhagya-facilitator_api1.outlook.com,PDR9FTWWU6FDBNKY,ANGx9fhOMuIxwcbkuUqPMh-9L15RAO6JJD8BDCZSxcx8nbBWeDOIbzW1,Sale,USD,197.63,PayPal_SDK,Ebony Koepp,35594 Clay Stravenue,North Garnetmouth,NJ,US,98237,Visa,2287,5,2020,Ebony,Koepp,US,Ebony Koepp,35594 Clay Stravenue,North Garnetmouth,NJ,US,98237,857,117.0,http://schemas.xmlsoap.org/soap/envelope/,urn:ebay:api:PayPalAPI,urn:ebay:apis:eBLBaseComponents,urn:ebay:apis:CoreComponentTypes,urn:ebay:apis:EnhancedDataTypes
sobhagya-facilitator_api1.outlook.com,PDR9FTWWU6FDBNKY,ANGx9fhOMuIxwcbkuUqPMh-9L15RAO6JJD8BDCZSxcx8nbBWeDOIbzW1,Sale,USD,131.34,PayPal_SDK,Chasity Jast,361 Hackett Wall,Pinkiefort,MA,US,34317,Visa,7136,9,2020,Chasity,Jast,US,Chasity Jast,361 Hackett Wall,Pinkiefort,MA,US,34317,198,117.0,http://schemas.xmlsoap.org/soap/envelope/,urn:ebay:api:PayPalAPI,urn:ebay:apis:eBLBaseComponents,urn:ebay:apis:CoreComponentTypes,urn:ebay:apis:EnhancedDataTypes
sobhagya-facilitator_api1.outlook.com,PDR9FTWWU6FDBNKY,ANGx9fhOMuIxwcbkuUqPMh-9L15RAO6JJD8BDCZSxcx8nbBWeDOIbzW1,Sale,USD,88.91,PayPal_SDK,Al Rohan,7875 Pasquale Orchard,South Peggieberg,AK,US,70834,Visa,6179,1,2023,Al,Rohan,US,Al Rohan,7875 Pasquale Orchard,South Peggieberg,AK,US,70834,276,117.0,http://schemas.xmlsoap.org/soap/envelope/,urn:ebay:api:PayPalAPI,urn:ebay:apis:eBLBaseComponents,urn:ebay:apis:CoreComponentTypes,urn:ebay:apis:EnhancedDataTypes
sobhagya-facilitator_api1.outlook.com,PDR9FTWWU6FDBNKY,ANGx9fhOMuIxwcbkuUqPMh-9L15RAO6JJD8BDCZSxcx8nbBWeDOIbzW1,Sale,USD,652.26,PayPal_SDK,Shanie Lebsack,9084 Marcia Loop,Lake Barry,MI,US,91621,Visa,7637,12,2020,Shanie,Lebsack,US,Shanie Lebsack,9084 Marcia Loop,Lake Barry,MI,US,91621,598,117.0,http://schemas.xmlsoap.org/soap/envelope/,urn:ebay:api:PayPalAPI,urn:ebay:apis:eBLBaseComponents,urn:ebay:apis:CoreComponentTypes,urn:ebay:apis:EnhancedDataTypes
sobhagya-facilitator_api1.outlook.com,PDR9FTWWU6FDBNKY,ANGx9fhOMuIxwcbkuUqPMh-9L15RAO6JJD8BDCZSxcx8nbBWeDOIbzW1,Sale,USD,440.34,PayPal_SDK,Bell Botsford,62159 Reichert Estate,East Ariton,MA,US,15772,Visa,4597,4,2021,Bell,Botsford,US,Bell Botsford,62159 Reichert Estate,East Ariton,MA,US,15772,891,117.0,http://schemas.xmlsoap.org/soap/envelope/,urn:ebay:api:PayPalAPI,urn:ebay:apis:eBLBaseComponents,urn:ebay:apis:CoreComponentTypes,urn:ebay:apis:EnhancedDataTypes
sobhagya-facilitator_api1.outlook.com,PDR9FTWWU6FDBNKY,ANGx9fhOMuIxwcbkuUqPMh-9L15RAO6JJD8BDCZSxcx8nbBWeDOIbzW1,Sale,USD,503.27,PayPal_SDK,Mariane Donnelly,12068 Anderson Junction,Langoshhaven,WI,US,18531,Visa,4079,3,2018,Mariane,Donnelly,US,Mariane Donnelly,12068 Anderson Junction,Langoshhaven,WI,US,18531,121,117.0,http://schemas.xmlsoap.org/soap/envelope/,urn:ebay:api:PayPalAPI,urn:ebay:apis:eBLBaseComponents,urn:ebay:apis:CoreComponentTypes,urn:ebay:apis:EnhancedDataTypes
sobhagya-facilitator_api1.outlook.com,PDR9FTWWU6FDBNKY,ANGx9fhOMuIxwcbkuUqPMh-9L15RAO6JJD8BDCZSxcx8nbBWeDOIbzW1,Sale,USD,953.54,PayPal_SDK,Sherwood Willms,53965 McKenzie Lights,Stantonville,NJ,US,84386,Visa,8454,10,2018,Sherwood,Willms,US,Sherwood Willms,53965 McKenzie Lights,Stantonville,NJ,US,84386,820,117.0,http://schemas.xmlsoap.org/soap/envelope/,urn:ebay:api:PayPalAPI,urn:ebay:apis:eBLBaseComponents,urn:ebay:apis:CoreComponentTypes,urn:ebay:apis:EnhancedDataTypes
sobhagya-facilitator_api1.outlook.com,PDR9FTWWU6FDBNKY,ANGx9fhOMuIxwcbkuUqPMh-9L15RAO6JJD8BDCZSxcx8nbBWeDOIbzW1,Sale,USD,119.35,PayPal_SDK,Kristin Ernser,43106 Effertz Squares,New Mazieview,MA,US,79852,Visa,1341,8,2023,Kristin,Ernser,US,Kristin Ernser,43106 Effertz Squares,New Mazieview,MA,US,79852,803,117.0,http://schemas.xmlsoap.org/soap/envelope/,urn:ebay:api:PayPalAPI,urn:ebay:apis:eBLBaseComponents,urn:ebay:apis:CoreComponentTypes,urn:ebay:apis:EnhancedDataTypes
sobhagya-facilitator_api1.outlook.com,PDR9FTWWU6FDBNKY,ANGx9fhOMuIxwcbkuUqPMh-9L15RAO6JJD8BDCZSxcx8nbBWeDOIbzW1,Sale,USD,993.33,PayPal_SDK,Kayden Wilderman,8966 Franz Cliffs,South Lillianstad,MO,US,68719,Visa,3376,4,2021,Kayden,Wilderman,US,Kayden Wilderman,8966 Franz Cliffs,South Lillianstad,MO,US,68719,316,117.0,http://schemas.xmlsoap.org/soap/envelope/,urn:ebay:api:PayPalAPI,urn:ebay:apis:eBLBaseComponents,urn:ebay:apis:CoreComponentTypes,urn:ebay:apis:EnhancedDataTypes
sobhagya-facilitator_api1.outlook.com,PDR9FTWWU6FDBNKY,ANGx9fhOMuIxwcbkuUqPMh-9L15RAO6JJD8BDCZSxcx8nbBWeDOIbzW1,Sale,USD,880.67,PayPal_SDK,Pascale Cassin,44529 Brakus Mills,West Brock,IN,US,05419,Visa,3740,4,2022,Pascale,Cassin,US,Pascale Cassin,44529 Brakus Mills,West Brock,IN,US,05419,966,117.0,http://schemas.xmlsoap.org/soap/envelope/,urn:ebay:api:PayPalAPI,urn:ebay:apis:eBLBaseComponents,urn:ebay:apis:CoreComponentTypes,urn:ebay:apis:EnhancedDataTypes
sobhagya-facilitator_api1.outlook.com,PDR9FTWWU6FDBNKY,ANGx9fhOMuIxwcbkuUqPMh-9L15RAO6JJD8BDCZSxcx8nbBWeDOIbzW1,Sale,USD,792.2,PayPal_SDK,Madison Jones,36429 Haag Route,Kalehaven,PA,US,75284,Visa,8584,7,2020,Madison,Jones,US,Madison Jones,36429 Haag Route,Kalehaven,PA,US,75284,656,117.0,http://schemas.xmlsoap.org/soap/envelope/,urn:ebay:api:PayPalAPI,urn:ebay:apis:eBLBaseComponents,urn:ebay:apis:CoreComponentTypes,urn:ebay:apis:EnhancedDataTypes
sobhagya-facilitator_api1.outlook.com,PDR9FTWWU6FDBNKY,ANGx9fhOMuIxwcbkuUqPMh-9L15RAO6JJD8BDCZSxcx8nbBWeDOIbzW1,Sale,USD,73.92,PayPal_SDK,Madisyn Thompson,212 Miller Ramp,New Candida,MA,US,50033,Visa,4138,10,2022,Madisyn,Thompson,US,Madisyn Thompson,212 Miller Ramp,New Candida,MA,US,50033,140,117.0,http://schemas.xmlsoap.org/soap/envelope/,urn:ebay:api:PayPalAPI,urn:ebay:apis:eBLBaseComponents,urn:ebay:apis:CoreComponentTypes,urn:ebay:apis:EnhancedDataTypes
sobhagya-facilitator_api1.outlook.com,PDR9FTWWU6FDBNKY,ANGx9fhOMuIxwcbkuUqPMh-9L15RAO6JJD8BDCZSxcx8nbBWeDOIbzW1,Sale,USD,482.18,PayPal_SDK,Damian Eichmann,706 Rempel Route,Port Wilhelmine,WI,US,10244,Visa,3767,11,2022,Damian,Eichmann,US,Damian Eichmann,706 Rempel Route,Port Wilhelmine,WI,US,10244,901,117.0,http://schemas.xmlsoap.org/soap/envelope/,urn:ebay:api:PayPalAPI,urn:ebay:apis:eBLBaseComponents,urn:ebay:apis:CoreComponentTypes,urn:ebay:apis:EnhancedDataTypes
sobhagya-facilitator_api1.outlook.com,PDR9FTWWU6FDBNKY,ANGx9fhOMuIxwcbkuUqPMh-9L15RAO6JJD8BDCZSxcx8nbBWeDOIbzW1,Sale,USD,459.64,PayPal_SDK,Verner Lindgren,188 Crooks Bypass,East Trudiemouth,CA,US,64378,Visa,5120,10,2021,Verner,Lindgren,US,Verner Lindgren,188 Crooks Bypass,East Trudiemouth,CA,US,64378,663,117.0,http://schemas.xmlsoap.org/soap/envelope/,urn:ebay:api:PayPalAPI,urn:ebay:apis:eBLBaseComponents,urn:ebay:apis:CoreComponentTypes,urn:ebay:apis:EnhancedDataTypes
sobhagya-facilitator_api1.outlook.com,PDR9FTWWU6FDBNKY,ANGx9fhOMuIxwcbkuUqPMh-9L15RAO6JJD8BDCZSxcx8nbBWeDOIbzW1,Sale,USD,633.14,PayPal_SDK,Haylie Reinger,9390 Jules Greens,East Greyson,LA,US,06126,Visa,3322,12,2021,Haylie,Reinger,US,Haylie Reinger,9390 Jules Greens,East Greyson,LA,US,06126,720,117.0,http://schemas.xmlsoap.org/soap/envelope/,urn:ebay:api:PayPalAPI,urn:ebay:apis:eBLBaseComponents,urn:ebay:apis:CoreComponentTypes,urn:ebay:apis:EnhancedDataTypes
sobhagya-facilitator_api1.outlook.com,PDR9FTWWU6FDBNKY,ANGx9fhOMuIxwcbkuUqPMh-9L15RAO6JJD8BDCZSxcx8nbBWeDOIbzW1,Sale,USD,643,PayPal_SDK,Zoey Tillman,82961 Larkin Corners,Isabelleland,AZ,US,97007,Visa,2030,9,2019,Zoey,Tillman,US,Zoey Tillman,82961 Larkin Corners,Isabelleland,AZ,US,97007,411,117.0,http://schemas.xmlsoap.org/soap/envelope/,urn:ebay:api:PayPalAPI,urn:ebay:apis:eBLBaseComponents,urn:ebay:apis:CoreComponentTypes,urn:ebay:apis:EnhancedDataTypes
sobhagya-facilitator_api1.outlook.com,PDR9FTWWU6FDBNKY,ANGx9fhOMuIxwcbkuUqPMh-9L15RAO6JJD8BDCZSxcx8nbBWeDOIbzW1,Sale,USD,102.34,PayPal_SDK,Don Ortiz,7141 Andre Rapid,O'Keefeberg,IA,US,98110,Visa,5930,6,2023,Don,Ortiz,US,Don Ortiz,7141 Andre Rapid,O'Keefeberg,IA,US,98110,507,117.0,http://schemas.xmlsoap.org/soap/envelope/,urn:ebay:api:PayPalAPI,urn:ebay:apis:eBLBaseComponents,urn:ebay:apis:CoreComponentTypes,urn:ebay:apis:EnhancedDataTypes
sobhagya-facilitator_api1.outlook.com,PDR9FTWWU6FDBNKY,ANGx9fhOMuIxwcbkuUqPMh-9L15RAO6JJD8BDCZSxcx8nbBWeDOIbzW1,Sale,USD,893.59,PayPal_SDK,Cole Gaylord,596 Cody Road,Sylviahaven,MT,US,40126,Visa,2263,11,2018,Cole,Gaylord,US,Cole Gaylord,596 Cody Road,Sylviahaven,MT,US,40126,217,117.0,http://schemas.xmlsoap.org/soap/envelope/,urn:ebay:api:PayPalAPI,urn:ebay:apis:eBLBaseComponents,urn:ebay:apis:CoreComponentTypes,urn:ebay:apis:EnhancedDataTypes
sobhagya-facilitator_api1.outlook.com,PDR9FTWWU6FDBNKY,ANGx9fhOMuIxwcbkuUqPMh-9L15RAO6JJD8BDCZSxcx8nbBWeDOIbzW1,Sale,USD,462.73,PayPal_SDK,Nedra Heaney,17299 Wilmer Pass,Vancefort,IL,US,23083,Visa,7492,7,2023,Nedra,Heaney,US,Nedra Heaney,17299 Wilmer Pass,Vancefort,IL,US,23083,630,117.0,http://schemas.xmlsoap.org/soap/envelope/,urn:ebay:api:PayPalAPI,urn:ebay:apis:eBLBaseComponents,urn:ebay:apis:CoreComponentTypes,urn:ebay:apis:EnhancedDataTypes
sobhagya-facilitator_api1.outlook.com,PDR9FTWWU6FDBNKY,ANGx9fhOMuIxwcbkuUqPMh-9L15RAO6JJD8BDCZSxcx8nbBWeDOIbzW1,Sale,USD,300.15,PayPal_SDK,Demetris Kertzmann,6034 Reichert Meadow,Port Lenny,GA,US,35370,Visa,1601,11,2023,Demetris,Kertzmann,US,Demetris Kertzmann,6034 Reichert Meadow,Port Lenny,GA,US,35370,586,117.0,http://schemas.xmlsoap.org/soap/envelope/,urn:ebay:api:PayPalAPI,urn:ebay:apis:eBLBaseComponents,urn:ebay:apis:CoreComponentTypes,urn:ebay:apis:EnhancedDataTypes
sobhagya-facilitator_api1.outlook.com,PDR9FTWWU6FDBNKY,ANGx9fhOMuIxwcbkuUqPMh-9L15RAO6JJD8BDCZSxcx8nbBWeDOIbzW1,Sale,USD,325.25,PayPal_SDK,Glennie Bechtelar,552 Nasir Lock,Gorczanyfort,KY,US,37176,Visa,9039,6,2018,Glennie,Bechtelar,US,Glennie Bechtelar,552 Nasir Lock,Gorczanyfort,KY,US,37176,313,117.0,http://schemas.xmlsoap.org/soap/envelope/,urn:ebay:api:PayPalAPI,urn:ebay:apis:eBLBaseComponents,urn:ebay:apis:CoreComponentTypes,urn:ebay:apis:EnhancedDataTypes
sobhagya-facilitator_api1.outlook.com,PDR9FTWWU6FDBNKY,ANGx9fhOMuIxwcbkuUqPMh-9L15RAO6JJD8BDCZSxcx8nbBWeDOIbzW1,Sale,USD,68.26,PayPal_SDK,Karson Kub,493 Hessel Ways,Kylahaven,MD,US,01679,Visa,4157,3,2023,Karson,Kub,US,Karson Kub,493 Hessel Ways,Kylahaven,MD,US,01679,307,117.0,http://schemas.xmlsoap.org/soap/envelope/,urn:ebay:api:PayPalAPI,urn:ebay:apis:eBLBaseComponents,urn:ebay:apis:CoreComponentTypes,urn:ebay:apis:EnhancedDataTypes
sobhagya-facilitator_api1.outlook.com,PDR9FTWWU6FDBNKY,ANGx9fhOMuIxwcbkuUqPMh-9L15RAO6JJD8BDCZSxcx8nbBWeDOIbzW1,Sale,USD,269.34,PayPal_SDK,Jed Cassin,229 Streich Overpass,Conroyborough,AK,US,71126,Visa,9935,1,2019,Jed,Cassin,US,Jed Cassin,229 Streich Overpass,Conroyborough,AK,US,71126,991,117.0,http://schemas.xmlsoap.org/soap/envelope/,urn:ebay:api:PayPalAPI,urn:ebay:apis:eBLBaseComponents,urn:ebay:apis:CoreComponentTypes,urn:ebay:apis:EnhancedDataTypes
sobhagya-facilitator_api1.outlook.com,PDR9FTWWU6FDBNKY,ANGx9fhOMuIxwcbkuUqPMh-9L15RAO6JJD8BDCZSxcx8nbBWeDOIbzW1,Sale,USD,392.98,PayPal_SDK,Nat Lowe,77128 Vivienne Court,Kingview,TN,US,00900,Visa,2501,10,2020,Nat,Lowe,US,Nat Lowe,77128 Vivienne Court,Kingview,TN,US,00900,835,117.0,http://schemas.xmlsoap.org/soap/envelope/,urn:ebay:api:PayPalAPI,urn:ebay:apis:eBLBaseComponents,urn:ebay:apis:CoreComponentTypes,urn:ebay:apis:EnhancedDataTypes
sobhagya-facilitator_api1.outlook.com,PDR9FTWWU6FDBNKY,ANGx9fhOMuIxwcbkuUqPMh-9L15RAO6JJD8BDCZSxcx8nbBWeDOIbzW1,Sale,USD,399.56,PayPal_SDK,Tyshawn Lowe,297 Olin Greens,Margarettemouth,CO,US,89798,Visa,8224,6,2018,Tyshawn,Lowe,US,Tyshawn Lowe,297 Olin Greens,Margarettemouth,CO,US,89798,665,117.0,http://schemas.xmlsoap.org/soap/envelope/,urn:ebay:api:PayPalAPI,urn:ebay:apis:eBLBaseComponents,urn:ebay:apis:CoreComponentTypes,urn:ebay:apis:EnhancedDataTypes
sobhagya-facilitator_api1.outlook.com,PDR9FTWWU6FDBNKY,ANGx9fhOMuIxwcbkuUqPMh-9L15RAO6JJD8BDCZSxcx8nbBWeDOIbzW1,Sale,USD,294.84,PayPal_SDK,Merle Balistreri,0725 Yost Lodge,Lake Makaylaberg,WV,US,51221,Visa,1872,1,2018,Merle,Balistreri,US,Merle Balistreri,0725 Yost Lodge,Lake Makaylaberg,WV,US,51221,992,117.0,http://schemas.xmlsoap.org/soap/envelope/,urn:ebay:api:PayPalAPI,urn:ebay:apis:eBLBaseComponents,urn:ebay:apis:CoreComponentTypes,urn:ebay:apis:EnhancedDataTypes
sobhagya-facilitator_api1.outlook.com,PDR9FTWWU6FDBNKY,ANGx9fhOMuIxwcbkuUqPMh-9L15RAO6JJD8BDCZSxcx8nbBWeDOIbzW1,Sale,USD,316.49,PayPal_SDK,Michele Spinka,8872 Mervin Centers,Dietrichburgh,RI,US,32949,Visa,2344,9,2022,Michele,Spinka,US,Michele Spinka,8872 Mervin Centers,Dietrichburgh,RI,US,32949,896,117.0,http://schemas.xmlsoap.org/soap/envelope/,urn:ebay:api:PayPalAPI,urn:ebay:apis:eBLBaseComponents,urn:ebay:apis:CoreComponentTypes,urn:ebay:apis:EnhancedDataTypes
sobhagya-facilitator_api1.outlook.com,PDR9FTWWU6FDBNKY,ANGx9fhOMuIxwcbkuUqPMh-9L15RAO6JJD8BDCZSxcx8nbBWeDOIbzW1,Sale,USD,182.44,PayPal_SDK,Onie Schowalter,656 Wuckert Turnpike,Willborough,DE,US,63919,Visa,7957,1,2020,Onie,Schowalter,US,Onie Schowalter,656 Wuckert Turnpike,Willborough,DE,US,63919,169,117.0,http://schemas.xmlsoap.org/soap/envelope/,urn:ebay:api:PayPalAPI,urn:ebay:apis:eBLBaseComponents,urn:ebay:apis:CoreComponentTypes,urn:ebay:apis:EnhancedDataTypes
sobhagya-facilitator_api1.outlook.com,PDR9FTWWU6FDBNKY,ANGx9fhOMuIxwcbkuUqPMh-9L15RAO6JJD8BDCZSxcx8nbBWeDOIbzW1,Sale,USD,765.05,PayPal_SDK,Princess Mosciski,0967 Larson Greens,East Mattborough,ID,US,56828,Visa,1220,3,2018,Princess,Mosciski,US,Princess Mosciski,0967 Larson Greens,East Mattborough,ID,US,56828,929,117.0,http://schemas.xmlsoap.org/soap/envelope/,urn:ebay:api:PayPalAPI,urn:ebay:apis:eBLBaseComponents,urn:ebay:apis:CoreComponentTypes,urn:ebay:apis:EnhancedDataTypes
sobhagya-facilitator_api1.outlook.com,PDR9FTWWU6FDBNKY,ANGx9fhOMuIxwcbkuUqPMh-9L15RAO6JJD8BDCZSxcx8nbBWeDOIbzW1,Sale,USD,560,PayPal_SDK,Gerhard Rosenbaum,892 Bartholome Oval,Port Elliott,AR,US,25280,Visa,4350,12,2018,Gerhard,Rosenbaum,US,Gerhard Rosenbaum,892 Bartholome Oval,Port Elliott,AR,US,25280,741,117.0,http://schemas.xmlsoap.org/soap/envelope/,urn:ebay:api:PayPalAPI,urn:ebay:apis:eBLBaseComponents,urn:ebay:apis:CoreComponentTypes,urn:ebay:apis:EnhancedDataTypes
sobhagya-facilitator_api1.outlook.com,PDR9FTWWU6FDBNKY,ANGx9fhOMuIxwcbkuUqPMh-9L15RAO6JJD8BDCZSxcx8nbBWeDOIbzW1,Sale,USD,620.41,PayPal_SDK,Hunter Hansen,10455 Jessica Road,South Katheryn,CO,US,96144,Visa,9965,9,2019,Hunter,Hansen,US,Hunter Hansen,10455 Jessica Road,South Katheryn,CO,US,96144,314,117.0,http://schemas.xmlsoap.org/soap/envelope/,urn:ebay:api:PayPalAPI,urn:ebay:apis:eBLBaseComponents,urn:ebay:apis:CoreComponentTypes,urn:ebay:apis:EnhancedDataTypes
